Customer ID,Customer Name,Customer Segment,Country,State or Province,City,Postal Code,Region
14,Gwendolyn F Tyson,Small Business,United States,Minnesota,Prior Lake,55372,Central
62,Pam Gilbert,Corporate,United States,Texas,Round Rock,78664,Central
94,Eddie House Mueller,Home Office,United States,Illinois,Chicago,60601,Central
97,Max McKenna,Home Office,United States,Kansas,Manhattan,66502,Central
129,Kara Allison,Small Business,United States,Illinois,Alton,62002,Central
146,Yvonne Fox,Small Business,United States,Texas,Watauga,76148,Central
146,Yvonne Fox,Corporate,United States,Texas,Watauga,76148,Central
188,Alex Harrell,Corporate,United States,Texas,Gainesville,76240,Central
190,Lloyd Norris,Corporate,United States,Illinois,Arlington Heights,60004,Central
191,Gerald Kearney,Corporate,United States,Illinois,Aurora,60505,Central
197,Samantha Weaver,Small Business,United States,Kansas,Overland Park,66212,Central
198,Leroy Blanchard,Small Business,United States,Michigan,Detroit,48138,Central
202,Max Small,Corporate,United States,Oklahoma,Bartlesville,74006,Central
233,Michele Bullard,Small Business,United States,Illinois,Orland Park,60462,Central
234,Don Cameron,Small Business,United States,Iowa,Newton,50208,Central
250,Brenda Nelson Blanchard,Corporate,United States,Minnesota,Richfield,55423,Central
266,Ross Frederick,Corporate,United States,Texas,San Antonio,78207,Central
286,Virginia Gay,Small Business,United States,Kansas,Shawnee,66203,Central
288,Patricia Cole Blair,Small Business,United States,Kansas,Wichita,67212,Central
314,Ruby Gibbons,Corporate,United States,Illinois,Forest Park,60130,Central
326,Brenda May,Consumer,United States,Illinois,Batavia,60510,Central
373,Jeanne Werner,Small Business,United States,Michigan,Detroit,48234,Central
377,Sylvia Bush,Consumer,United States,Illinois,Batavia,60510,Central
381,Danielle Watts,Corporate,United States,Illinois,Bloomington,61701,Central
387,Angela Howe,Corporate,United States,Nebraska,Grand Island,68801,Central
388,Roger Schwartz,Corporate,United States,Nebraska,Kearney,68847,Central
389,Joel Buckley,Corporate,United States,Nebraska,Lincoln,68502,Central
392,Erica R Fuller,Corporate,United States,Missouri,Clayton,63105,Central
408,Calvin Parsons Walter,Corporate,United States,Texas,San Juan,78589,Central
444,Thelma Abrams,Small Business,United States,Illinois,Urbana,61801,Central
445,Judy Barrett,Small Business,United States,Nebraska,Norfolk,68701,Central
447,Valerie Moon,Corporate,United States,Minnesota,Roseville,55113,Central
483,Edgar McKenzie,Corporate,United States,Illinois,Oswego,60543,Central
518,Mark Ritchie,Home Office,United States,Missouri,Clayton,63105,Central
539,Alice Coley,Small Business,United States,Illinois,Urbana,61801,Central
540,Ruth Lamm,Small Business,United States,Illinois,Vernon Hills,60061,Central
550,Edna Monroe Talley,Corporate,United States,Texas,Seguin,78155,Central
551,Peggy Chan,Corporate,United States,Texas,Sherman,75090,Central
573,Vanessa Winstead,Home Office,United States,Illinois,Pekin,61554,Central
573,Vanessa Winstead,Corporate,United States,Illinois,Pekin,61554,Central
592,Eva Silverman,Small Business,United States,Illinois,Wilmette,60091,Central
593,Joel Huffman,Small Business,United States,Illinois,Woodridge,60517,Central
594,Charlie Moore,Consumer,United States,Indiana,Anderson,46016,Central
596,Doris Fitzpatrick,Consumer,United States,Indiana,Carmel,46032,Central
597,Alexandra Wise,Small Business,United States,Indiana,Columbus,47201,Central
619,Howard Rogers,Consumer,United States,Michigan,Southgate,48195,Central
635,Juan Justice,Corporate,United States,Minnesota,Saint Paul,55106,Central
646,Robin High,Corporate,United States,Minnesota,Shakopee,55379,Central
648,Steve O'Brien,Home Office,United States,Illinois,Bolingbrook,60440,Central
649,Roger Meyer,Home Office,United States,Illinois,Buffalo Grove,60089,Central
667,Allison Kirby,Corporate,United States,Texas,Dallas,75203,Central
669,Amy Shea,Home Office,United States,Iowa,Ottumwa,52501,Central
672,Brian Leach,Small Business,United States,Iowa,Newton,50208,Central
674,Albert Frost,Small Business,United States,Missouri,Raytown,64133,Central
683,Seth Merrill,Small Business,United States,Nebraska,Papillion,68046,Central
688,Ashley Reese,Small Business,United States,Missouri,Saint Louis,63116,Central
689,Tommy Honeycutt,Small Business,United States,Missouri,Saint Peters,63376,Central
696,Johnny Reid,Corporate,United States,Indiana,Crown Point,46307,Central
697,Adam G Sawyer,Corporate,United States,Indiana,East Chicago,46312,Central
721,Melvin Duke,Corporate,United States,Indiana,Frankfort,46041,Central
759,Bernice F Day,Small Business,United States,Illinois,Quincy,62301,Central
767,Jeffrey Mueller,Corporate,United States,Illinois,Rock Island,61201,Central
792,Holly Pate,Corporate,United States,Oklahoma,Mustang,73064,Central
796,Amanda Conner,Corporate,United States,Nebraska,Papillion,68046,Central
825,Marvin Hunt,Home Office,United States,Texas,Abilene,79605,Central
827,Sheryl Marsh,Home Office,United States,Texas,Amarillo,79109,Central
865,Dana Burgess,Corporate,United States,Indiana,East Chicago,46312,Central
868,Sharon Ellis,Corporate,United States,Minnesota,Shoreview,55126,Central
885,Malcolm Robertson,Corporate,United States,Texas,Amarillo,79109,Central
890,Billie Fowler,Consumer,United States,Texas,Bedford,76021,Central
896,Jennifer Siegel,Corporate,United States,Texas,Denton,76201,Central
915,Carol Sherrill,Home Office,United States,Texas,Bryan,77803,Central
916,Marion Wilcox,Corporate,United States,Texas,Burleson,76028,Central
950,Jane Shah,Consumer,United States,Minnesota,Prior Lake,55372,Central
954,Tony Chandler,Small Business,United States,Texas,Highland Village,75067,Central
959,Sally House,Corporate,United States,Texas,Burleson,76028,Central
962,Yvonne Clarke,Home Office,United States,Illinois,Chicago,60610,Central
1005,Lloyd Dickson,Small Business,United States,Illinois,Buffalo Grove,60089,Central
1020,Julie Porter,Small Business,United States,Kansas,Pittsburg,66762,Central
1065,Vicki Bond,Corporate,United States,Illinois,Burbank,60459,Central
1068,Erik Barr,Home Office,United States,Illinois,Calumet City,60409,Central
1069,Pam Bennett,Home Office,United States,Illinois,Carbondale,62901,Central
1075,Theodore Tyson,Home Office,United States,Illinois,Romeoville,60441,Central
1080,Colleen Fletcher,Corporate,United States,Illinois,Saint Charles,60174,Central
1083,Hazel Dale,Corporate,United States,Illinois,Springfield,62701,Central
1103,Sidney Bowling,Home Office,United States,Nebraska,Omaha,68046,Central
1106,Maxine Collier Grady,Small Business,United States,Texas,Dallas,75220,Central
1106,Maxine Collier Grady,Consumer,United States,Texas,Dallas,75220,Central
1107,Joanna Keith,Small Business,United States,Texas,Lake Jackson,77566,Central
1108,Dwight Bishop,Small Business,United States,Texas,Lancaster,75146,Central
1109,Dennis Welch,Consumer,United States,Texas,Laredo,78041,Central
1127,Ray Grady,Consumer,United States,Texas,Eagle Pass,78852,Central
1128,Kurt O'Connor,Consumer,United States,Texas,Edinburg,78539,Central
1131,Benjamin Strauss,Home Office,United States,Texas,El Paso,79907,Central
1132,Michael Robbins,Corporate,United States,Texas,Euless,76039,Central
1132,Michael Robbins,Home Office,United States,Texas,Euless,76039,Central
1133,Marjorie Owens,Home Office,United States,Texas,Farmers Branch,75234,Central
1136,Carmen McPherson,Consumer,United States,Illinois,Carol Stream,60188,Central
1138,Malcolm Floyd,Home Office,United States,Texas,The Colony,75056,Central
1142,Russell Chan,Home Office,United States,Texas,Waco,76706,Central
1211,Debra Proctor,Corporate,United States,Indiana,Fort Wayne,46806,Central
1212,Eileen Fletcher,Corporate,United States,Indiana,Gary,46404,Central
1213,Jeremy Pratt,Corporate,United States,Indiana,Granger,46530,Central
1229,Patrick Byrne,Small Business,United States,Texas,Sulphur Springs,75482,Central
1233,Gary Hester,Consumer,United States,Texas,Flower Mound,75028,Central
1237,Eva Simpson,Corporate,United States,Texas,Carrollton,75007,Central
1238,April Bowers,Corporate,United States,Texas,Cedar Hill,75104,Central
1247,Henry O'Connell,Home Office,United States,Texas,Leander,78641,Central
1250,Kara Patton,Corporate,United States,Illinois,Carpentersville,60110,Central
1253,Vickie Coates,Home Office,United States,Texas,Cedar Park,78613,Central
1254,Anne Bland,Home Office,United States,Texas,Channelview,77530,Central
1265,Danielle Kramer,Home Office,United States,Oklahoma,Altus,73521,Central
1279,Josephine Rao,Corporate,United States,Indiana,Hammond,46324,Central
1281,Pauline Denton,Small Business,United States,Indiana,Vincennes,47591,Central
1298,Herbert Beard,Home Office,United States,Texas,Sulphur Springs,75482,Central
1338,Denise McIntosh,Home Office,United States,Illinois,Chicago,60623,Central
1354,Aaron Dillon,Consumer,United States,Texas,Weatherford,76086,Central
1357,Marguerite Yu,Home Office,United States,Texas,Weslaco,78596,Central
1360,Arlene Gibbons,Consumer,United States,Iowa,Muscatine,52761,Central
1361,Kristina Collier,Consumer,United States,Michigan,Allen Park,48101,Central
1367,James Hunter,Consumer,United States,Texas,Lubbock,79424,Central
1368,Patsy Harmon,Consumer,United States,Texas,Lufkin,75901,Central
1369,Joe D Dean,Consumer,United States,Texas,Mansfield,76063,Central
1402,Wesley Tate,Corporate,United States,Illinois,Chicago,60653,Central
1402,Wesley Tate,Home Office,United States,Illinois,Chicago,60653,Central
1405,Crystal Floyd,Corporate,United States,Michigan,Battle Creek,49017,Central
1405,Crystal Floyd,Home Office,United States,Michigan,Battle Creek,49017,Central
1416,Betsy Gibson,Small Business,United States,Indiana,Indianapolis,46203,Central
1418,Rebecca Lindsey,Small Business,United States,Indiana,Kokomo,46901,Central
1419,Brooke Lancaster,Small Business,United States,Indiana,Lafayette,47905,Central
1427,Stacy Gould,Home Office,United States,Michigan,Bay City,48708,Central
1432,Kerry Green,Corporate,United States,Indiana,Indianapolis,46203,Central
1433,Frances Jackson,Corporate,United States,Indiana,Jeffersonville,47130,Central
1442,Rodney Field,Corporate,United States,Missouri,Springfield,65807,Central
1461,Norman Adams,Consumer,United States,Indiana,Lafayette,47905,Central
1466,Wesley Reid,Small Business,United States,Nebraska,Columbus,68601,Central
1482,Michael Tanner,Corporate,United States,Michigan,Bay City,48708,Central
1484,Alison Stewart,Home Office,United States,Illinois,Des Plaines,60016,Central
1485,Wayne Sutherland,Home Office,United States,Illinois,Downers Grove,60516,Central
1492,Don Beard,Corporate,United States,Missouri,Ozark,65721,Central
1505,Kay Schultz,Small Business,United States,Texas,College Station,77840,Central
1511,Joseph Dawson,Corporate,United States,Indiana,Muncie,47302,Central
1522,Earl Watts,Consumer,United States,Minnesota,Hopkins,55305,Central
1533,Nicole Reid,Corporate,United States,Missouri,University City,63130,Central
1548,John Bray,Corporate,United States,Indiana,Richmond,47374,Central
1561,Edwin Coley,Corporate,United States,Texas,Mansfield,76063,Central
1593,Ronald O'Neill,Corporate,United States,Oklahoma,Bartlesville,74006,Central
1618,June Roberts,Consumer,United States,Indiana,Highland,46322,Central
1623,Patrick Adcock,Small Business,United States,Indiana,Schererville,46375,Central
1644,Sam Woodward,Small Business,United States,Texas,Friendswood,77546,Central
1648,Nina Bowles,Corporate,United States,Illinois,Woodstock,60098,Central
1682,Julie Edwards,Consumer,United States,Illinois,Chicago,60611,Central
1683,Wesley Corbett,Consumer,United States,Texas,Conroe,77301,Central
1686,Lynn O'Donnell,Corporate,United States,Illinois,Elgin,60123,Central
1689,Larry Church,Corporate,United States,Indiana,Highland,46322,Central
1692,Rhonda Schroeder,Consumer,United States,Kansas,Newton,67114,Central
1743,Paige Jacobs,Consumer,United States,Texas,Friendswood,77546,Central
1748,Helen Simpson,Consumer,United States,Oklahoma,Enid,73703,Central
1749,Sherri P Stephens,Home Office,United States,Oklahoma,Lawton,73505,Central
1765,Ralph Woods Scott,Consumer,United States,Missouri,Creve Coeur,63141,Central
1771,Jeff Spivey,Home Office,United States,Illinois,Freeport,61032,Central
1775,Marlene Kirk,Consumer,United States,Indiana,South Bend,46614,Central
1776,Charlotte Patterson,Consumer,United States,Indiana,Terre Haute,47802,Central
1777,Miriam Greenberg,Consumer,United States,Indiana,Valparaiso,46383,Central
1777,Miriam Greenberg,Corporate,United States,Indiana,Valparaiso,46383,Central
1778,Ray Oakley,Consumer,United States,Indiana,West Lafayette,47906,Central
1793,Derek Jernigan,Home Office,United States,Illinois,Galesburg,61401,Central
1816,Danielle Schneider,Consumer,United States,Michigan,Canton,48187,Central
1818,Ian Hall,Consumer,United States,Michigan,Dearborn,48126,Central
1826,Kate Peck,Corporate,United States,Iowa,Bettendorf,52722,Central
1827,Vincent Hale,Corporate,United States,Iowa,Burlington,52601,Central
1828,Stacey Lucas,Corporate,United States,Iowa,Cedar Falls,50613,Central
1829,Suzanne Cochran,Corporate,United States,Iowa,Cedar Rapids,52402,Central
1893,Melanie Burgess,Consumer,United States,Missouri,Webster Groves,63119,Central
1894,Maureen Herbert Hood,Home Office,United States,Wisconsin,Appleton,54915,Central
1894,Maureen Herbert Hood,Consumer,United States,Wisconsin,Appleton,54915,Central
1933,William Crawford,Corporate,United States,Texas,Garland,75043,Central
1934,Scott Moore,Home Office,United States,Texas,Georgetown,78626,Central
1935,Diana Coble Hubbard,Corporate,United States,Texas,Grand Prairie,75051,Central
1935,Diana Coble Hubbard,Home Office,United States,Texas,Grand Prairie,75051,Central
1938,Franklin Spencer,Corporate,United States,Kansas,Emporia,66801,Central
1957,Ted Crowder,Consumer,United States,Missouri,University City,63130,Central
1962,Sean Burton,Home Office,United States,Michigan,Saginaw,48601,Central
1967,Carolyn Hoffman,Small Business,United States,Iowa,Clinton,52732,Central
1974,Robert Brantley,Consumer,United States,Michigan,Dearborn Heights,48127,Central
1976,Sherri F Vogel,Consumer,United States,Michigan,East Lansing,48823,Central
1986,Lynda Rosenthal,Home Office,United States,Texas,Midland,79701,Central
2016,Wayne Bean,Corporate,United States,Michigan,Southgate,48195,Central
2014,Cathy Simon,Home Office,United States,Iowa,Council Bluffs,51503,Central
2030,Lindsay O'Connell,Corporate,United States,Texas,Greenville,75401,Central
2046,Eileen Schwartz,Corporate,United States,Kansas,Liberal,67901,Central
2061,Marianne Carey,Corporate,United States,Nebraska,North Platte,69101,Central
2070,Kelly Collins,Corporate,United States,Michigan,Eastpointe,48021,Central
2071,Victor Cherry,Corporate,United States,Michigan,Farmington Hills,48336,Central
2072,Malcolm S Lanier,Corporate,United States,Michigan,Flint,48505,Central
2073,Evan Kelley,Consumer,United States,Michigan,Garden City,48135,Central
2107,Leigh Burnette Hurley,Corporate,United States,Illinois,Chicago,60601,Central
2108,Alfred Barber,Corporate,United States,Missouri,Mehlville,63129,Central
2117,Jack Hatcher,Home Office,United States,Texas,Greenville,75401,Central
2127,Joyce Kern,Home Office,United States,Michigan,Sterling Heights,48310,Central
2131,Mary Hewitt,Home Office,United States,Missouri,Gladstone,64118,Central
2132,Philip Hawkins,Home Office,United States,Missouri,Hazelwood,63042,Central
2139,Jon Kendall,Corporate,United States,Wisconsin,Watertown,53094,Central
2151,Melinda Rogers,Corporate,United States,Iowa,Dubuque,52001,Central
2157,Tom Hoyle Honeycutt,Home Office,United States,Michigan,Warren,48093,Central
2159,Wesley Field,Corporate,United States,Michigan,Westland,48185,Central
2187,Joanne Spivey,Corporate,United States,Missouri,Independence,64055,Central
2190,Marvin Patrick,Home Office,United States,Michigan,Detroit,48227,Central
2201,David Hoyle,Small Business,United States,Minnesota,Bloomington,55420,Central
2202,Laurie Howe,Home Office,United States,Minnesota,Brooklyn Center,55429,Central
2203,Eddie Walker,Home Office,United States,Minnesota,Brooklyn Park,55445,Central
2204,Oscar Ford,Home Office,United States,Minnesota,Burnsville,55337,Central
2204,Oscar Ford,Consumer,United States,Minnesota,Burnsville,55337,Central
2206,Bobby Powell,Consumer,United States,Iowa,Fort Dodge,50501,Central
2264,Helen Dickerson,Corporate,United States,Missouri,Joplin,64804,Central
2265,James Davenport,Corporate,United States,Missouri,Kansas City,64130,Central
2266,Brandon Beach,Corporate,United States,Missouri,Kirkwood,63122,Central
2272,Brett Ingram,Corporate,United States,Texas,Harker Heights,76543,Central
2273,Debra Block,Corporate,United States,Texas,Harlingen,78550,Central
2274,Marlene Harrison,Corporate,United States,Texas,Houston,77036,Central
2281,Monica Harvey,Home Office,United States,Wisconsin,Eau Claire,54703,Central
2282,Jimmy Waters,Home Office,United States,Wisconsin,Fitchburg,53713,Central
2283,Nancy Holden,Home Office,United States,Wisconsin,Franklin,53132,Central
2289,Ryan Herman,Home Office,United States,Minnesota,Burnsville,55337,Central
2290,Glen Robertson,Home Office,United States,Minnesota,Coon Rapids,55433,Central
2290,Glen Robertson,Corporate,United States,Minnesota,Coon Rapids,55433,Central
2305,Pat Kinney,Small Business,United States,South Dakota,Watertown,57201,Central
2330,Kara Foster,Home Office,United States,Iowa,Marion,52302,Central
2333,Megan Woods,Small Business,United States,Wisconsin,Green Bay,54302,Central
2334,Stephanie Hawkins,Consumer,United States,Wisconsin,Greenfield,53220,Central
2334,Stephanie Hawkins,Small Business,United States,Wisconsin,Greenfield,53220,Central
2334,Stephanie Hawkins,Home Office,United States,Wisconsin,Greenfield,53220,Central
2339,Gordon Boswell,Home Office,United States,Texas,Cloverleaf,77015,Central
2372,Marvin Parrott,Corporate,United States,Minnesota,Duluth,55803,Central
2379,Mildred Briggs,Small Business,United States,Michigan,Garden City,48135,Central
2380,Lisa Branch,Small Business,United States,Michigan,Grand Rapids,49505,Central
2398,Julian F Wolfe,Corporate,United States,Illinois,Hanover Park,60103,Central
2422,Arlene Wiggins Dalton,Home Office,United States,Texas,Huntsville,77340,Central
2423,Nicholas Wallace,Home Office,United States,Texas,Hurst,76053,Central
2426,Dorothy Holt,Small Business,United States,Texas,Irving,75061,Central
2427,John Merritt,Corporate,United States,Texas,Keller,76248,Central
2430,Kimberly Reilly,Home Office,United States,Texas,Killeen,76541,Central
2432,Lindsay Tate,Consumer,United States,Oklahoma,Midwest City,73110,Central
2433,Debra P May,Consumer,United States,Oklahoma,Moore,73160,Central
2437,Judith Shepherd,Home Office,United States,Wisconsin,Muskego,53150,Central
2448,Melanie Morrow,Consumer,United States,Minnesota,Edina,55410,Central
2450,Tonya Miller,Home Office,United States,Wisconsin,Janesville,53545,Central
2457,Yvonne Collier,Home Office,United States,Minnesota,Lino Lakes,55014,Central
2458,Troy Casey,Home Office,United States,Minnesota,Edina,55410,Central
2466,Gilbert Godfrey,Corporate,United States,Michigan,Sault Sainte Marie,49783,Central
2472,Ricky Sanders,Home Office,United States,Illinois,Joliet,60432,Central
2499,Geoffrey Koch,Corporate,United States,Illinois,Kankakee,60901,Central
2500,Kevin Smith,Small Business,United States,Illinois,Lake In The Hills,60102,Central
2502,Toni Owens Poe,Home Office,United States,Indiana,Munster,46321,Central
2521,Shawn Meyer,Home Office,United States,Texas,Corsicana,75109,Central
2553,Virginia McNeill,Home Office,United States,Wisconsin,Kenosha,53142,Central
2555,Karl Knowles,Home Office,United States,Wisconsin,Madison,53711,Central
2563,Karen Warren,Home Office,United States,Minnesota,Fridley,55432,Central
2583,Wendy Pridgen Pearce,Home Office,United States,Michigan,Holland,49423,Central
2584,Seth Matthews,Home Office,United States,Michigan,Inkster,48141,Central
2587,Eugene H Walsh,Home Office,United States,Wisconsin,Manitowoc,54220,Central
2616,Laurence Hull,Corporate,United States,Michigan,Portage,49002,Central
2617,Gerald Crabtree,Corporate,United States,South Dakota,Aberdeen,57401,Central
2619,Brandon E Shepherd,Corporate,United States,South Dakota,Sioux Falls,57103,Central
2628,Danielle P Rao,Corporate,United States,Oklahoma,Moore,73160,Central
2630,Betsy Puckett,Small Business,United States,Oklahoma,Norman,73071,Central
2653,Leo Kane,Consumer,United States,Kansas,Derby,67037,Central
2668,Carlos Hanson,Corporate,United States,South Dakota,Rapid City,57701,Central
2668,Carlos Hanson,Home Office,United States,South Dakota,Rapid City,57701,Central
2713,Lynda Banks,Corporate,United States,Michigan,Kalamazoo,49001,Central
2715,Becky Farmer,Corporate,United States,Michigan,Lansing,48911,Central
2718,Caroline Stone,Consumer,United States,Illinois,Lansing,60438,Central
2775,Theodore Rubin,Consumer,United States,Illinois,Franklin Park,60131,Central
2791,Dawn Larson,Corporate,United States,Michigan,Madison Heights,48071,Central
2794,Connie Bunn,Corporate,United States,Iowa,Marshalltown,50158,Central
2795,Harry Burns,Corporate,United States,Iowa,Mason City,50401,Central
2796,Cindy McLeod,Corporate,United States,Iowa,Sioux City,51106,Central
2820,Laurence Simon,Home Office,United States,Missouri,Oakville,63129,Central
2833,Tim Connolly,Small Business,United States,Minnesota,Inver Grove Heights,55076,Central
2837,Leslie Hawley,Home Office,United States,Oklahoma,Tulsa,74133,Central
2851,Annie Sherrill,Consumer,United States,Texas,Odessa,79762,Central
2861,Dwight Robinson,Corporate,United States,Kansas,Hays,67601,Central
2862,Carrie High,Corporate,United States,Nebraska,La Vista,68128,Central
2865,Roberta Mitchell,Corporate,United States,Texas,Paris,75460,Central
2874,Marian Willis,Home Office,United States,Nebraska,La Vista,68128,Central
2892,Benjamin Porter,Consumer,United States,Michigan,Livonia,48154,Central
2893,Kathryn Tate,Consumer,United States,Michigan,Madison Heights,48071,Central
2896,Anna Ellis,Home Office,United States,Minnesota,Mankato,56001,Central
2897,Betty Giles,Home Office,United States,Minnesota,Maple Grove,55369,Central
2912,Hannah Carver,Home Office,United States,North Dakota,Grand Forks,58201,Central
2920,Ernest Peele,Home Office,United States,Illinois,Chicago,60603,Central
2944,Elsie Lane,Corporate,United States,Michigan,Midland,48640,Central
2951,Jordan Womble,Corporate,United States,Kansas,Hays,67601,Central
2954,William Sharma,Consumer,United States,Minnesota,Maplewood,55119,Central
2957,Francis I Davis,Corporate,United States,Wisconsin,Milwaukee,53209,Central
2958,Ellen Sparks,Corporate,United States,Wisconsin,Neenah,54956,Central
2973,Sally Liu,Home Office,United States,Wisconsin,New Berlin,53151,Central
2976,Fred Barber,Small Business,United States,Wisconsin,Oak Creek,53154,Central
2979,Lloyd Dolan,Corporate,United States,North Dakota,Dickinson,58601,Central
2987,Natalie Watts,Home Office,United States,Iowa,West Des Moines,50265,Central
2991,Sean Herbert,Home Office,United States,Wisconsin,Racine,53402,Central
2992,Lindsay Webb,Home Office,United States,Wisconsin,Sheboygan,53081,Central
2999,Kim McCarthy,Consumer,United States,Michigan,Oak Park,48237,Central
3000,Priscilla Allen,Consumer,United States,Michigan,Pontiac,48342,Central
3001,Anthony Foley,Consumer,United States,Michigan,Port Huron,48060,Central
3008,Penny Rich,Home Office,United States,Minnesota,Minnetonka Mills,55343,Central
3035,Tina Evans,Home Office,United States,Illinois,Lombard,60148,Central
3036,Edith Reynolds,Home Office,United States,North Dakota,Mandan,58554,Central
3041,Carrie Duke,Corporate,United States,Kansas,Garden City,67846,Central
3042,Tara Gold,Small Business,United States,Kansas,Hutchinson,67501,Central
3045,Jordan Beard,Small Business,United States,Kansas,Leavenworth,66048,Central
3046,Andrew Pearce,Small Business,United States,Kansas,Leawood,66209,Central
3069,Tiffany Merrill,Consumer,United States,Minnesota,Oakdale,55128,Central
3089,Sandy Cannon,Corporate,United States,Kansas,Leawood,66209,Central
3106,Alexander O'Brien,Home Office,United States,Texas,Houston,77041,Central
3123,Jamie Manning,Home Office,United States,Illinois,Melrose Park,60160,Central
3124,Neil Barbee,Home Office,United States,Illinois,Moline,61265,Central
3125,Guy McDonald,Home Office,United States,Illinois,Mount Prospect,60056,Central
3132,Anita Kang,Corporate,United States,Illinois,Mundelein,60060,Central
3133,Kristine Singleton,Corporate,United States,Illinois,Naperville,60540,Central
3141,Jerome McIntosh,Consumer,United States,Texas,Pasadena,77506,Central
3143,Neil Song,Consumer,United States,Texas,Pflugerville,78660,Central
3146,Maureen Stout,Corporate,United States,Texas,Pharr,78577,Central
3179,Marie Pittman,Corporate,United States,Minnesota,Owatonna,55060,Central
3191,Jenny Hawkins,Corporate,United States,Wisconsin,Stevens Point,54481,Central
3197,Wallace Pugh,Home Office,United States,Illinois,Northbrook,60062,Central
3211,Jonathan Crabtree,Corporate,United States,Illinois,Addison,60101,Central
3229,Sharon Kessler,Small Business,United States,Wisconsin,Superior,54880,Central
3230,Monica Stuart,Small Business,United States,Wisconsin,Waukesha,53186,Central
3261,Steven Long,Consumer,United States,Michigan,Adrian,49221,Central
3327,Bob Gibson,Small Business,United States,Michigan,Port Huron,48060,Central
3344,Jim Hinson,Home Office,United States,Michigan,Rochester Hills,48307,Central
3359,Jeffrey Cheng,Home Office,United States,Wisconsin,Wauwatosa,53213,Central
3360,Daniel Huff,Home Office,United States,Wisconsin,West Allis,53214,Central
3361,Oscar Kenney,Home Office,United States,Wisconsin,West Bend,53095,Central
3397,Andrea Shaw,Small Business,United States,Illinois,Danville,61832,Central
3399,Marvin Reid,Small Business,United States,Illinois,Des Plaines,60016,Central
11,Marcus Dunlap,Home Office,United States,New Jersey,Roselle,7203,East
15,Timothy Reese,Small Business,United States,New York,Smithtown,11787,East
16,Sarah Ramsey,Small Business,United States,New York,Syracuse,13210,East
21,Tony Wilkins Winters,Small Business,United States,New York,New York City,10012,East
56,Randall Montgomery,Consumer,United States,New York,Tonawanda,14150,East
68,Scott Bunn,Corporate,United States,New York,New York City,10177,East
70,Annette Boone,Corporate,United States,Vermont,Burlington,5401,East
83,Edgar Stone,Corporate,United States,Ohio,Canton,44708,East
84,Helen Stein,Consumer,United States,Ohio,Cincinnati,45231,East
84,Helen Stein,Corporate,United States,Ohio,Cincinnati,45231,East
101,Claudia Boyle,Consumer,United States,Maine,Biddeford,4005,East
102,Caroline Johnston,Consumer,United States,Massachusetts,Boston,2129,East
107,Lois Hamilton,Consumer,United States,New Hampshire,Dover,3820,East
109,Tom McFarland,Consumer,United States,New Jersey,Lodi,7644,East
142,Brooke Weeks Taylor,Small Business,United States,Connecticut,Ansonia,6401,East
144,Marguerite Moss,Small Business,United States,Massachusetts,Yarmouth,2664,East
145,Rhonda Ivey,Small Business,United States,Pennsylvania,West Mifflin,15122,East
145,Rhonda Ivey,Home Office,United States,Pennsylvania,West Mifflin,15122,East
171,Christina Matthews,Corporate,United States,New Jersey,Fort Lee,7024,East
184,Phillip Holmes,Small Business,United States,Massachusetts,Arlington,2474,East
210,Floyd Dale,Home Office,United States,New York,Troy,12180,East
211,Anna Wood,Consumer,United States,New York,Utica,13501,East
211,Anna Wood,Home Office,United States,New York,Utica,13501,East
256,Irene Li,Home Office,United States,Pennsylvania,Hanover,17331,East
263,Carlos Hess,Small Business,United States,Ohio,Cleveland Heights,44106,East
275,Roger Blalock Cassidy,Corporate,United States,Connecticut,Fairfield,6824,East
276,Lucille Rankin,Corporate,United States,Connecticut,Newington,6111,East
282,Vickie Andrews,Corporate,United States,New Jersey,Belleville,7109,East
283,Pauline Boyette,Corporate,United States,New Jersey,Newark,7101,East
306,Thomas McAllister,Small Business,United States,Maryland,Pikesville,21208,East
315,Benjamin Kaufman,Corporate,United States,Massachusetts,Belchertown,1007,East
321,Arthur Lowe Nash,Consumer,United States,Maryland,Potomac,20854,East
329,Faye Dyer,Home Office,United States,Maine,Sanford,4073,East
331,Bradley Pollock,Home Office,United States,New Hampshire,Goffstown,3045,East
339,Bobby Clements,Corporate,United States,Ohio,Columbus,43229,East
343,Lynn Epstein,Corporate,United States,Maine,Bangor,4401,East
344,Rosemary English,Corporate,United States,Maine,Portland,4101,East
351,Juanita Coley Knox,Home Office,United States,New York,Watertown,13601,East
358,Chris F Brandt,Corporate,United States,Pennsylvania,King of Prussia,19406,East
366,Patrick Rosenthal,Small Business,United States,Rhode Island,Cranston,2910,East
370,Sam Oh,Corporate,United States,Maine,Lewiston,4240,East
371,Roberta Mullins Peters,Corporate,United States,Massachusetts,Everett,2149,East
383,Renee Alston,Corporate,United States,Pennsylvania,Drexel Hill,19026,East
393,Shawn Combs,Corporate,United States,New York,Auburn,13021,East
397,Denise Carver,Corporate,United States,Ohio,Cuyahoga Falls,44221,East
398,Bruce Stark,Corporate,United States,Ohio,Dayton,45406,East
406,June Frank Hammond,Small Business,United States,New Jersey,South Vineland,8360,East
421,Scott Feldman,Small Business,United States,New Jersey,Elizabeth,7201,East
437,Alice Berger McIntyre,Small Business,United States,Massachusetts,Lunenburg,1462,East
460,Anne Armstrong,Home Office,United States,New Jersey,Millville,8332,East
466,Marc Nash,Small Business,United States,Massachusetts,Bellingham,2019,East
467,Maria Thomas,Small Business,United States,Massachusetts,Beverly,1915,East
468,Craig Bennett,Small Business,United States,Massachusetts,Hanson,2341,East
469,Marion Bowling,Small Business,United States,New Jersey,Hawthorne,7506,East
470,Tony Doyle,Small Business,United States,New Jersey,Trenton,8601,East
472,Donna Craven,Consumer,United States,Maryland,Randallstown,21133,East
487,Molly Vincent,Corporate,United States,Maine,Sanford,4073,East
488,Ronnie Creech,Corporate,United States,Maine,South Portland,4106,East
489,Eileen Cheek,Corporate,United States,Massachusetts,Norwood,2062,East
491,Toni Swanson,Consumer,United States,New York,New York City,10154,East
547,Henry Ball,Corporate,United States,West Virginia,Morgantown,26501,East
578,Evan K Bullard,Corporate,United States,Connecticut,Naugatuck,6770,East
579,Marlene Abrams,Corporate,United States,Connecticut,Seymour,6478,East
580,Kathryn Patrick,Corporate,United States,Maine,Auburn,4210,East
584,Timothy Currie,Corporate,United States,Massachusetts,Woburn,1801,East
585,William Larson,Corporate,United States,New Hampshire,Concord,3301,East
600,Vickie Morse,Corporate,United States,Maryland,Reisterstown,21136,East
605,Alison Peters Wooten,Corporate,United States,New York,West Islip,11795,East
621,Heather Stern,Home Office,United States,Connecticut,Newington,6111,East
622,Hazel Khan,Home Office,United States,Maine,Auburn,4210,East
623,Jenny Petty,Home Office,United States,New Hampshire,Manchester,3101,East
624,Terry Klein,Home Office,United States,Vermont,Rutland,5701,East
627,Scott McKenna,Corporate,United States,Ohio,Steubenville,43952,East
657,Derek McCormick,Consumer,United States,Massachusetts,Oxford,1540,East
659,Marjorie Arthur,Consumer,United States,Vermont,South Burlington,5403,East
663,Hilda Bennett,Home Office,United States,Ohio,Steubenville,43952,East
711,Pam Anthony,Consumer,United States,Massachusetts,Winthrop,2152,East
724,Beverly Cooke Brooks,Consumer,United States,Connecticut,Stratford,6614,East
727,Lindsay Link,Consumer,United States,Maine,Lewiston,4240,East
731,June Herbert,Consumer,United States,Massachusetts,Burlington,1803,East
736,Meredith Walters,Consumer,United States,New Hampshire,Salem,3079,East
737,Danny Vaughn,Consumer,United States,New Jersey,Bloomfield,7003,East
738,Peggy Rowe,Consumer,United States,New Jersey,Cranford,7016,East
741,Stacey Hale,Consumer,United States,New Jersey,Summit,7901,East
772,Jean Webster,Small Business,United States,Pennsylvania,Allentown,18103,East
783,Carlos Byrd,Small Business,United States,Connecticut,Bristol,6010,East
854,Karen Hendricks,Corporate,United States,Connecticut,Branford,6405,East
855,Jacob Lanier,Corporate,United States,Connecticut,Danbury,6810,East
858,Arthur Brady,Corporate,United States,Maine,Lewiston,4240,East
894,Gail Rankin Cole,Corporate,United States,District of Columbia,Washington,20024,East
898,Harriet Hodges,Small Business,United States,New York,New York City,10039,East
899,Jordan Berry,Small Business,United States,Pennsylvania,Altoona,16602,East
903,Francis Spivey,Consumer,United States,Massachusetts,Wilmington,1887,East
911,Marsha P Joyner,Corporate,United States,West Virginia,Wheeling,26003,East
925,Ruth Dudley,Small Business,United States,Maine,Augusta,4330,East
929,Calvin Conway,Small Business,United States,New Jersey,Old Bridge,8857,East
940,Albert Maxwell,Home Office,United States,Connecticut,New Milford,6776,East
946,Denise Parks,Home Office,United States,Maine,Auburn,4210,East
947,Dorothy Buchanan,Home Office,United States,New Jersey,Bayonne,7002,East
975,Francis Evans,Corporate,United States,Massachusetts,Boston,2108,East
980,Howard Burnett,Corporate,United States,Vermont,South Burlington,5403,East
994,Neal Weber,Small Business,United States,Maine,Sanford,4073,East
995,Lloyd Spencer,Small Business,United States,Maine,West Scarborough,4070,East
997,Phillip Pollard,Small Business,United States,New Jersey,Bayonne,7002,East
999,Rita Barton,Small Business,United States,New Jersey,Ridgewood,7450,East
1000,Lynn Bell,Small Business,United States,Vermont,Bennington,5201,East
1008,Priscilla Frank,Home Office,United States,Maine,Gorham,4038,East
1009,Kristin George,Corporate,United States,Maine,Saco,4072,East
1023,Glen Newman,Small Business,United States,Pennsylvania,Wilkinsburg,15221,East
1026,Eugene Kerr,Small Business,United States,New York,Central Islip,11722,East
1027,Brian Bennett,Small Business,United States,New York,Cheektowaga,14225,East
1028,Marguerite Rodgers,Small Business,United States,New York,Commack,11725,East
1035,Kent Burton,Home Office,United States,Ohio,Delaware,43015,East
1036,Jessica Huffman,Home Office,United States,Ohio,Dublin,43017,East
1047,Gayle Pearson,Home Office,United States,Massachusetts,Boston,2109,East
1062,Willie Robinson,Small Business,United States,New York,Coram,11727,East
1072,Marion Owens,Corporate,United States,Pennsylvania,Bethlehem,18018,East
1085,Ted Dunlap,Home Office,United States,New York,Deer Park,11729,East
1085,Ted Dunlap,Corporate,United States,New York,Deer Park,11729,East
1086,Leon Peele,Home Office,United States,New York,Dix Hills,11746,East
1104,Timothy Ross,Home Office,United States,New York,New York City,10282,East
1124,Randy Jiang,Small Business,United States,Connecticut,Norwich,6360,East
1129,Pam Patton,Home Office,United States,Massachusetts,Boston,2118,East
1129,Pam Patton,Corporate,United States,Massachusetts,Boston,2118,East
1151,Edna Huang,Corporate,United States,Massachusetts,South Hadley,1075,East
1156,Edith Forbes,Consumer,United States,Massachusetts,Tewksbury,1876,East
1159,Arlene Weeks,Consumer,United States,New Jersey,Union City,7086,East
1170,Jessie Houston,Consumer,United States,Delaware,Newark,19711,East
1191,John Morse,Small Business,United States,Connecticut,New Britain,6050,East
1193,Louis Parrish,Consumer,United States,District of Columbia,Washington,20016,East
1193,Louis Parrish,Small Business,United States,District of Columbia,Washington,20016,East
1197,Grace McNeill Hunt,Small Business,United States,Massachusetts,Sudbury,1776,East
1199,Edward Lamm,Consumer,United States,New Hampshire,Nashua,3060,East
1200,Beth English,Consumer,United States,New Jersey,Elmwood Park,7407,East
1202,Faye Wolf,Consumer,United States,New Jersey,South Orange,7079,East
1203,Judy Merritt,Small Business,United States,Rhode Island,Cranston,2920,East
1217,Billy Perry Browning,Small Business,United States,Massachusetts,Boston,2112,East
1226,Ken Cash,Small Business,United States,Rhode Island,Pawtucket,2861,East
1227,Elsie Hwang,Small Business,United States,Vermont,South Burlington,5403,East
1228,Hazel Jennings,Small Business,United States,Pennsylvania,Philadelphia,19140,East
1246,Lois Hansen,Home Office,United States,New York,New York City,10009,East
1282,Dana Sharpe,Small Business,United States,Pennsylvania,Philadelphia,19134,East
1340,Marie Bass,Home Office,United States,New York,New York City,10170,East
1341,Edward Bynum,Home Office,United States,Pennsylvania,Chambersburg,17201,East
1352,Vivian Clarke,Home Office,United States,Maryland,Camp Springs,20746,East
1364,Chris Ford,Home Office,United States,Maryland,Camp Springs,20746,East
1380,Jeanne Walker,Home Office,United States,New Hampshire,Portsmouth,3801,East
1413,Pamela Wiley,Corporate,United States,Massachusetts,Boston,2113,East
1438,Jean Weiss Diaz,Corporate,United States,Ohio,Elyria,44035,East
1439,Kyle Kaufman,Corporate,United States,Ohio,Euclid,44117,East
1471,Danielle Daniel,Home Office,United States,Ohio,Westerville,43081,East
1472,Tommy Ellis Ritchie,Home Office,United States,Ohio,Westlake,44145,East
1473,Paul Puckett,Home Office,United States,Ohio,Wooster,44691,East
1494,Kate Lehman,Corporate,United States,Maryland,Dundalk,21222,East
1497,Gloria Jacobs,Corporate,United States,New York,Elmira,14901,East
1519,Randall Boykin,Consumer,United States,Maine,Auburn,4210,East
1580,Ronnie Nolan,Corporate,United States,Maine,Waterville,4901,East
1590,Lucille Buchanan,Corporate,United States,Ohio,Willoughby,44094,East
1595,Chad Henson,Corporate,United States,West Virginia,Huntington,25705,East
1602,Frank Hess,Home Office,United States,Maryland,Waldorf,20601,East
1603,Alex Watkins,Small Business,United States,New York,Woodmere,11598,East
1606,Don Rogers,Home Office,United States,New York,Franklin Square,11010,East
1607,Kathleen Huang Hall,Home Office,United States,New York,Freeport,11520,East
1614,Wayne Lutz,Consumer,United States,Massachusetts,Hopkinton,1748,East
1620,Gerald Petty,Consumer,United States,Pennsylvania,Lancaster,17602,East
1625,Molly Browning,Home Office,United States,New York,Glen Cove,11542,East
1639,Marvin Rollins,Home Office,United States,Connecticut,Stamford,6901,East
1646,Eugene Brewer Knox,Small Business,United States,New York,Bethpage,11714,East
1649,Roy Hardison,Corporate,United States,New York,Woodmere,11598,East
1679,Jeanne Nguyen,Consumer,United States,Ohio,Fairborn,45324,East
1680,Esther Whitaker,Consumer,United States,Ohio,Fairfield,45014,East
1690,Neil Bailey,Corporate,United States,Pennsylvania,Harrisburg,17112,East
1699,Joseph Hurst,Small Business,United States,Pennsylvania,Levittown,19057,East
1708,Lillian Day,Small Business,United States,Ohio,Shaker Heights,44118,East
1709,Dennis Bowen,Consumer,United States,Pennsylvania,Pottstown,19464,East
1709,Dennis Bowen,Small Business,United States,Pennsylvania,Pottstown,19464,East
1725,Linda Blake,Corporate,United States,Ohio,Hilliard,43026,East
1727,Juanita Ballard,Small Business,United States,Ohio,Kent,44240,East
1728,Carrie Lewis,Corporate,United States,Ohio,Kettering,45429,East
1733,Nina Horne Kelly,Small Business,United States,District of Columbia,Washington,20012,East
1734,Christopher Meadows,Small Business,United States,New York,Harrison,10528,East
1735,Eric West,Small Business,United States,New York,Hempstead,11550,East
1808,Joyce Knox,Home Office,United States,West Virginia,Parkersburg,26101,East
1821,Vanessa Boyer,Consumer,United States,New York,New York City,10177,East
1840,Clifford Webb,Home Office,United States,Massachusetts,Townsend,1469,East
1854,Erika Morgan,Home Office,United States,Connecticut,Seymour,6478,East
1860,Gina B Hess,Home Office,United States,Massachusetts,Webster,1570,East
1882,Anita Kent,Home Office,United States,New Jersey,Linden,7036,East
1885,Jacob Hirsch,Home Office,United States,Rhode Island,Barrington,2806,East
1889,Oscar Bowers,Home Office,United States,Ohio,Kettering,45429,East
1891,Gretchen Levine,Home Office,United States,Ohio,Lima,45801,East
1906,Penny Tuttle,Corporate,United States,Ohio,Lima,45801,East
1907,Amy Hall,Corporate,United States,Ohio,Lorain,44052,East
1946,Teresa Wallace,Consumer,United States,Pennsylvania,Mount Lebanon,15228,East
1972,Priscilla Brandon,Corporate,United States,Pennsylvania,Willow Grove,19090,East
1998,Judy Frazier,Corporate,United States,New York,East Massapequa,11758,East
2020,Erika Jordan,Home Office,United States,Pennsylvania,Plum,15239,East
2038,Peter Adams,Small Business,United States,New York,Mount Vernon,10550,East
2081,Matthew Conway,Corporate,United States,New York,Ithaca,14853,East
2089,Annie Odom,Corporate,United States,New York,New City,10956,East
2162,Brenda Jain,Corporate,United States,Pennsylvania,Sharon,16146,East
2165,Melanie Knight,Small Business,United States,Maine,Augusta,4330,East
2178,Judy Hall,Small Business,United States,Massachusetts,Worcester,1610,East
2189,Frank Cross,Corporate,United States,New York,New York City,10177,East
2196,Gene Heath Cross,Small Business,United States,New York,Jamestown,14701,East
2197,Karen O'Donnell,Small Business,United States,New York,Levittown,11756,East
2198,Lester Woodward Maynard,Small Business,United States,New York,Lindenhurst,11757,East
2211,Anita Hahn,Home Office,United States,Maryland,Bowie,20715,East
2212,Stacy Chang,Home Office,United States,Maryland,Catonsville,21228,East
2215,Christopher High,Corporate,United States,Ohio,Massillon,44646,East
2216,Clara Kaplan,Corporate,United States,Ohio,Medina,44256,East
2250,Alvin Hoover,Home Office,United States,Pennsylvania,State College,16801,East
2276,Dennis Block Richardson,Consumer,United States,New York,Niagara Falls,14304,East
2279,Lucille McGee,Home Office,United States,Pennsylvania,Greensburg,15601,East
2303,Joe Baldwin,Corporate,United States,New York,New York City,10011,East
2338,Lynn Hines,Home Office,United States,Maryland,College Park,20740,East
2351,Faye Silver,Corporate,United States,Maryland,Crofton,21114,East
2352,Kerry Beach,Consumer,United States,Maryland,Cumberland,21501,East
2352,Kerry Beach,Home Office,United States,Maryland,Cumberland,21501,East
2353,Patrick Lowry,Corporate,United States,Maryland,Edgewood,21040,East
2363,Jacob Murray,Home Office,United States,Ohio,Medina,44256,East
2382,Geoffrey Saunders,Small Business,United States,New York,New York City,10024,East
2391,Jacob McNeill,Corporate,United States,New York,Oceanside,11572,East
2460,Lucille Gibbons,Home Office,United States,New York,New York City,10035,East
2506,Alfred Harmon,Home Office,United States,Connecticut,Cheshire,6408,East
2507,Jeanette Davies,Home Office,United States,Maine,Bangor,4401,East
2508,Pauline Brooks,Home Office,United States,Maine,Sanford,4073,East
2509,Sidney Larson,Home Office,United States,Maine,South Portland,4106,East
2512,Frances Holt,Home Office,United States,Massachusetts,Cambridge,2138,East
2516,Leo E Underwood,Home Office,United States,New Jersey,Englewood,7631,East
2520,Sandy Mueller,Home Office,United States,Rhode Island,Providence,2908,East
2522,Harriet Wooten,Home Office,United States,Vermont,Burlington,5401,East
2534,Mitchell Goldberg,Small Business,United States,Maine,Bangor,4401,East
2549,Martha Bowers,Small Business,United States,Ohio,Whitehall,43213,East
2551,Joan Bowers,Small Business,United States,Pennsylvania,York,17403,East
2561,Laurie Moon,Consumer,United States,New York,Ossining,10562,East
2571,Rosemary O'Brien,Consumer,United States,New York,New York City,10165,East
2601,Malcolm French,Corporate,United States,New Hampshire,Merrimack,3054,East
2603,Penny Leach,Corporate,United States,New Jersey,Hackensack,7601,East
2604,Gina Curry,Corporate,United States,New Jersey,Iselin,8830,East
2613,Anthony Stanley,Corporate,United States,New Jersey,Fords,8863,East
2618,Amy Hamrick Melvin,Corporate,United States,New York,New York City,10004,East
2649,Leo J Olson,Corporate,United States,Maryland,Edgewood,21040,East
2650,Joanne Chu,Corporate,United States,Pennsylvania,Baldwin,15234,East
2660,Jeffrey Page,Small Business,United States,Maine,Gorham,4038,East
2667,Pat Baker,Home Office,United States,Ohio,Lakewood,44107,East
2685,Kathryn Wolfe,Small Business,United States,New York,Plainview,11803,East
2689,Marlene Gray,Home Office,United States,New Jersey,Clifton,7011,East
2693,Lloyd Cannon,Home Office,United States,Vermont,Bennington,5201,East
2709,Stanley Steele,Consumer,United States,Maryland,Ellicott City,21042,East
2737,Rachel Bates,Small Business,United States,Vermont,Rutland,5701,East
2738,Sherri Kramer,Small Business,United States,Vermont,South Burlington,5403,East
2747,Brian Grady,Corporate,United States,New York,New York City,10115,East
2760,Evan Adkins,Corporate,United States,Connecticut,Waterbury,6708,East
2764,Arnold Johnson,Corporate,United States,New Jersey,Hackensack,7601,East
2765,Tracy Schultz,Corporate,United States,New Jersey,Lindenwold,8021,East
2776,April Henson,Consumer,United States,Maryland,Gaithersburg,20877,East
2797,Cameron Kendall,Consumer,United States,Pennsylvania,Pittsburgh,15122,East
2797,Cameron Kendall,Corporate,United States,Pennsylvania,Pittsburgh,15122,East
2817,Paul W French,Corporate,United States,Ohio,Newark,43055,East
2867,Dana Teague,Corporate,United States,District of Columbia,Washington,20016,East
2877,Shannon Aldridge,Consumer,United States,Ohio,North Olmsted,44070,East
2883,Stuart Sharma,Consumer,United States,Ohio,North Olmsted,44070,East
2884,Stuart C Robinson,Consumer,United States,Ohio,North Ridgeville,44039,East
2885,Gary Frazier,Consumer,United States,Ohio,North Royalton,44133,East
2886,Gretchen McKinney,Consumer,United States,Ohio,Parma,44134,East
2903,Frances Powers,Small Business,United States,Ohio,Reynoldsburg,43068,East
2908,Robyn Lyon,Home Office,United States,Ohio,Garfield Heights,44125,East
2923,Lynne Griffith,Consumer,United States,Maryland,Hagerstown,21740,East
2924,Courtney Nelson,Consumer,United States,Maryland,Laurel,20707,East
2932,Phyllis Hull,Small Business,United States,Connecticut,Stratford,6614,East
2935,Shirley Riley,Small Business,United States,Massachusetts,Boston,2215,East
2938,Laurie Case Daniel,Small Business,United States,Massachusetts,Stoneham,2180,East
2941,Leah Pollock,Small Business,United States,New Jersey,Morristown,7960,East
2947,Kathy Turner,Consumer,United States,New York,Depew,14043,East
2952,Thelma Murray,Corporate,United States,Ohio,Grove City,43123,East
2963,Frances Johnson,Consumer,United States,Maryland,Middle River,21220,East
2964,Kathy Hinton,Consumer,United States,Ohio,Mount Vernon,43050,East
2980,Joanna Kenney,Corporate,United States,Ohio,Sandusky,44870,East
3011,Tammy Raynor,Corporate,United States,Massachusetts,Boston,2113,East
3012,Annie Livingston,Corporate,United States,New York,Rochester,14609,East
3067,Carole Miller,Consumer,United States,Ohio,Austintown,44515,East
3076,Peter Hardy,Small Business,United States,Ohio,Stow,44224,East
3077,Lynne Reid,Small Business,United States,Ohio,Strongsville,44136,East
3078,Kate McKenna,Small Business,United States,Ohio,Toledo,43615,East
3079,Andrew Levine,Small Business,United States,Pennsylvania,Philadelphia,19112,East
3095,Milton Lindsay,Consumer,United States,Ohio,Hamilton,45011,East
3096,Mike Howard,Consumer,United States,Ohio,Hilliard,43026,East
3098,Lorraine Boykin,Consumer,United States,New York,Shirley,11967,East
3136,Lee Hancock,Consumer,United States,Maine,Sanford,4073,East
3137,Alison Sharp,Corporate,United States,New Hampshire,Laconia,3246,East
3138,Herbert Donnelly Swanson,Corporate,United States,New Hampshire,Londonderry,3053,East
3139,David Powell,Home Office,United States,New Jersey,Cranford,7016,East
3243,Marlene Phillips,Small Business,United States,Connecticut,Bristol,6010,East
3246,Wanda Harris,Small Business,United States,New Hampshire,Hudson,3051,East
3249,Nicole Goldstein,Corporate,United States,Maryland,Annapolis,21403,East
3251,Peter Brooks,Corporate,United States,New York,New York City,10112,East
3252,Milton Harrell,Small Business,United States,New York,Rotterdam,12306,East
3252,Milton Harrell,Corporate,United States,New York,Rotterdam,12306,East
3266,Edgar Kumar,Corporate,United States,Maine,Sanford,4073,East
3269,Billie Stern,Corporate,United States,New Jersey,North Plainfield,7060,East
3306,Claire Warren,Small Business,United States,Connecticut,New London,6320,East
3307,Edwin Blackburn,Small Business,United States,Massachusetts,Agawam,1001,East
3309,Edwin Chung,Small Business,United States,Massachusetts,Natick,1760,East
3310,Tiffany Grossman Hardin,Small Business,United States,Massachusetts,Sandwich,2563,East
3311,Jackie Flynn,Small Business,United States,Massachusetts,Winchester,1890,East
3314,Billy Hale,Small Business,United States,New Jersey,Fort Lee,7024,East
3342,Paul Tate,Home Office,United States,District of Columbia,Washington,20006,East
3366,Dana Boyle,Home Office,United States,Ohio,Troy,45373,East
3367,Renee McKenzie,Home Office,United States,Ohio,Upper Arlington,43221,East
3369,Stacy Byrne,Home Office,United States,Ohio,Westerville,43081,East
3374,Jamie Ward,Corporate,United States,Maryland,Odenton,21113,East
3374,Jamie Ward,Home Office,United States,Maryland,Odenton,21113,East
3385,Daniel Richmond,Corporate,United States,Ohio,Boardman,44512,East
3386,Carmen Elmore,Corporate,United States,Ohio,Bowling Green,43402,East
3400,Florence Gold,Small Business,United States,West Virginia,Fairmont,26554,East
64,Lynn Morrow,Small Business,United States,Virginia,Salem,24153,South
92,Victoria Baker Hoover,Home Office,United States,Louisiana,Terrytown,70056,South
92,Victoria Baker Hoover,Corporate,United States,Louisiana,Terrytown,70056,South
123,Shawn Stern,Home Office,United States,Virginia,Tysons Corner,22102,South
151,Geoffrey Zhu,Home Office,United States,Tennessee,Kingsport,37664,South
152,Kent Kerr,Consumer,United States,Tennessee,Knoxville,37918,South
152,Kent Kerr,Home Office,United States,Tennessee,Knoxville,37918,South
152,Kent Kerr,Small Business,United States,Tennessee,Knoxville,37918,South
166,Vicki Hauser,Consumer,United States,Tennessee,Lebanon,37087,South
169,Janice Cole,Corporate,United States,Louisiana,Baton Rouge,70802,South
228,Colleen Andrews,Small Business,United States,North Carolina,Mint Hill,28227,South
247,Marshall Brandt Briggs,Corporate,United States,Tennessee,Maryville,37804,South
258,Allan Shields,Consumer,United States,Florida,Seminole,33772,South
271,Sam Rouse,Small Business,United States,Georgia,Forest Park,30297,South
272,Eleanor Swain,Home Office,United States,North Carolina,Charlotte,28204,South
342,Jacqueline Noble,Corporate,United States,Florida,Miami,33181,South
349,Kim Weiss,Home Office,United States,Florida,Miami,33132,South
375,Sandra Sharma,Small Business,United States,Tennessee,Morristown,37814,South
395,Monica McCormick,Corporate,United States,North Carolina,Albemarle,28001,South
471,Ross Simpson,Consumer,United States,Georgia,Atlanta,30318,South
497,Steve McKee,Small Business,United States,Tennessee,Murfreesboro,37130,South
507,Carol Saunders,Corporate,United States,Kentucky,Bowling Green,42104,South
508,Cameron Owens,Corporate,United States,Kentucky,Covington,41011,South
524,Gina McKnight,Consumer,United States,Tennessee,Farragut,37922,South
535,Jill Clements,Corporate,United States,Virginia,Montclair,22025,South
568,Peter McConnell,Consumer,United States,Mississippi,Columbus,39701,South
665,Miriam Mueller,Corporate,United States,Tennessee,Murfreesboro,37130,South
666,Emily Sims,Corporate,United States,Tennessee,Nashville,37211,South
670,Lewis Baldwin,Home Office,United States,Virginia,Montclair,22025,South
678,Edward McKenzie,Corporate,United States,Virginia,Rose Hill,24281,South
750,Jordan Wilkinson,Corporate,United States,Kentucky,Florence,41042,South
751,David Wrenn,Corporate,United States,Kentucky,Georgetown,40324,South
799,Lee McKenna Gregory,Consumer,United States,South Carolina,Hilton Head Island,29915,South
803,Marianne Goldstein,Small Business,United States,Florida,New Smyrna Beach,32168,South
806,Judy Singer,Small Business,United States,Florida,Miami,33132,South
823,Christian Albright,Small Business,United States,Tennessee,Smyrna,37167,South
824,Joann Moser,Small Business,United States,Tennessee,Spring Hill,37174,South
829,Monica Law Thompson,Corporate,United States,Arkansas,Texarkana,71854,South
907,Rachel Casey,Home Office,United States,Kentucky,Henderson,42420,South
910,Carla Hauser,Corporate,United States,Arkansas,Texarkana,71854,South
970,Lynn Payne,Consumer,United States,Virginia,Rose Hill,24281,South
983,Sue Drake,Corporate,United States,Arkansas,Searcy,72143,South
1014,Theresa Winters,Home Office,United States,Arkansas,Bryant,72022,South
1015,Beverly Cameron,Home Office,United States,North Carolina,Apex,27502,South
1016,Francis Sherrill,Home Office,United States,North Carolina,Asheville,28806,South
1018,Meredith Humphrey,Home Office,United States,North Carolina,Cary,27511,South
1038,Jon Hale,Corporate,United States,Florida,Belle Glade,33430,South
1060,Gene Gilliam,Small Business,United States,Georgia,Atlanta,30318,South
1178,Sandy Hunt,Consumer,United States,Florida,Altamonte Springs,32701,South
1185,Lee Xu,Consumer,United States,Alabama,Madison,35756,South
1194,Sidney Brewer,Small Business,United States,Florida,Immokalee,34142,South
1241,Bradley Schroeder,Corporate,United States,Alabama,Auburn,36830,South
1241,Bradley Schroeder,Small Business,United States,Alabama,Auburn,36830,South
1259,Keith Hobbs,Home Office,United States,Kentucky,Danville,40422,South
1267,Rosemary Branch,Corporate,United States,Florida,Boca Raton,33433,South
1347,Vivian Goldstein,Home Office,United States,Florida,Brandon,33511,South
1350,Jackie Burke,Home Office,United States,Florida,Carol City,33055,South
1351,Janet McCullough,Home Office,United States,Florida,Coconut Creek,33063,South
1363,Earl Roy,Consumer,United States,Florida,Casselberry,32707,South
1384,George McLamb,Consumer,United States,Virginia,Alexandria,22304,South
1459,Steve Raynor,Consumer,United States,South Carolina,Taylors,29687,South
1499,Charlotte L Doyle,Home Office,United States,Florida,Coral Gables,33134,South
1502,Renee Huang,Small Business,United States,Florida,Coral Springs,33065,South
1526,Larry Hall,Home Office,United States,Alabama,Birmingham,35211,South
1527,Neil Parker,Small Business,United States,Alabama,Decatur,35601,South
1527,Neil Parker,Home Office,United States,Alabama,Decatur,35601,South
1528,Brad Stark,Small Business,United States,North Carolina,Eden,27288,South
1531,Jon Ayers,Consumer,United States,Florida,Palm Coast,32137,South
1551,Laurence Flowers,Consumer,United States,Mississippi,Biloxi,39530,South
1552,Gary Koch,Small Business,United States,Mississippi,Clinton,39056,South
1553,Tara Powers Underwood,Small Business,United States,Mississippi,Greenville,38701,South
1554,Joan Floyd,Small Business,United States,Mississippi,Gulfport,39503,South
1554,Joan Floyd,Consumer,United States,Mississippi,Gulfport,39503,South
1556,Carol Wood,Consumer,United States,Virginia,Alexandria,22304,South
1557,James Nicholson,Consumer,United States,Virginia,Annandale,22003,South
1559,Zachary Maynard,Consumer,United States,Virginia,Blacksburg,24060,South
1574,Sherry Hurley,Consumer,United States,North Carolina,Fayetteville,28314,South
1627,Aaron Day,Corporate,United States,Tennessee,Greeneville,37743,South
1632,Lori Wolfe,Home Office,United States,Mississippi,Hattiesburg,39401,South
1633,Gerald Raynor,Home Office,United States,Mississippi,Horn Lake,38637,South
1634,Katherine W Epstein,Home Office,United States,Mississippi,Jackson,39212,South
1650,Dan Lamm,Corporate,United States,North Carolina,Asheboro,27203,South
1670,Carolyn Bowling,Small Business,United States,Virginia,Blacksburg,24060,South
1671,Mitchell Ross,Small Business,United States,Virginia,Burke,22015,South
1672,Sidney Scarborough,Small Business,United States,Virginia,Charlottesville,22901,South
1693,Melinda Thornton,Consumer,United States,Virginia,Reston,20190,South
1697,Holly Osborne,Home Office,United States,Arkansas,Hot Springs,71901,South
1702,Sandra Berry,Home Office,United States,Mississippi,Meridian,39301,South
1711,Sharon Long,Corporate,United States,Georgia,Marietta,30062,South
1712,Regina Langley,Corporate,United States,Georgia,Martinez,30907,South
1713,Rosemary Stark,Corporate,United States,Georgia,Newnan,30265,South
1718,Kathy Shah,Consumer,United States,North Carolina,Garner,27529,South
1719,Russell W Melton,Corporate,United States,Alabama,Northport,35473,South
1721,Jennifer Zimmerman,Corporate,United States,Arkansas,Jonesboro,72401,South
1737,Danielle Myers,Corporate,United States,North Carolina,Garner,27529,South
1738,Dean Solomon,Corporate,United States,North Carolina,Gastonia,28052,South
1739,Edna Pierce,Corporate,United States,North Carolina,Goldsboro,27534,South
1745,Herbert Holden,Home Office,United States,Georgia,Atlanta,30305,South
1745,Herbert Holden,Consumer,United States,Georgia,Atlanta,30305,South
1764,Michele Bradshaw,Consumer,United States,Florida,Dunedin,34698,South
1767,Robert Rollins,Home Office,United States,Georgia,Newnan,30265,South
1788,Valerie Siegel,Consumer,United States,Georgia,Woodstock,30188,South
1802,Jack Morse,Corporate,United States,Florida,Dunedin,34698,South
1814,Albert Tyson,Home Office,United States,Mississippi,Olive Branch,38654,South
1815,Marvin Yang,Home Office,United States,Mississippi,Pearl,39208,South
1849,Michelle Steele,Consumer,United States,Alabama,Enterprise,36330,South
1873,Lisa Kim,Corporate,United States,Florida,Palm Beach Gardens,33403,South
1875,Martin Kirk,Consumer,United States,Virginia,Chesapeake,23320,South
1910,Sean Stephenson,Home Office,United States,Georgia,Peachtree City,30269,South
1916,Marcia Feldman,Home Office,United States,Arkansas,Little Rock,72209,South
1917,Tracy Buckley,Home Office,United States,Arkansas,North Little Rock,72113,South
1918,Hannah Tyson,Home Office,United States,Arkansas,Paragould,72450,South
1919,Nathan Jenkins,Home Office,United States,Arkansas,Pine Bluff,71603,South
1927,Earl Alston,Home Office,United States,South Carolina,Greenville,29611,South
1928,Gregory R Snow,Home Office,United States,South Carolina,Greer,29651,South
1959,Bonnie Matthews Rowland,Corporate,United States,Florida,Miami,33916,South
1959,Bonnie Matthews Rowland,Home Office,United States,Florida,Miami,33916,South
1971,Marsha Roy,Corporate,United States,Mississippi,Tupelo,38801,South
1984,Lynne Wilcox,Consumer,United States,South Carolina,Hilton Head Island,29915,South
1997,Harriet Bowman,Consumer,United States,South Carolina,Hilton Head Island,29915,South
2035,Jon Ward,Consumer,United States,Florida,Palm Beach Gardens,33403,South
2044,Jay Simon,Corporate,United States,Arkansas,Rogers,72756,South
2049,Kenneth Pollock,Corporate,United States,Virginia,Harrisonburg,22801,South
2058,Louise Webster Sharma,Corporate,United States,North Carolina,Hickory,28601,South
2059,Nathan Newton,Corporate,United States,North Carolina,High Point,27260,South
2062,Alfred Singh,Corporate,United States,Virginia,Mechanicsville,23111,South
2063,Todd D Norris,Corporate,United States,Virginia,Newport News,23602,South
2066,Claudia Webb,Home Office,United States,North Carolina,Indian Trail,28079,South
2066,Claudia Webb,Corporate,United States,North Carolina,Indian Trail,28079,South
2069,Elsie Boykin,Consumer,United States,Kentucky,Fort Thomas,41075,South
2097,Patsy Shea,Home Office,United States,South Carolina,Hilton Head Island,29915,South
2098,Tracy Dyer,Home Office,United States,South Carolina,Mount Pleasant,29464,South
2099,Nathan Fox,Home Office,United States,South Carolina,Myrtle Beach,29577,South
2114,Paige Mason,Corporate,United States,Virginia,Norfolk,23518,South
2115,Jeffrey Lloyd,Corporate,United States,Virginia,Oakton,22124,South
2122,Carolyn Fisher,Consumer,United States,Arkansas,Sherwood,72116,South
2124,Paige Powers,Consumer,United States,Arkansas,West Memphis,72301,South
2124,Paige Powers,Corporate,United States,Arkansas,West Memphis,72301,South
2137,Crystal Crabtree,Corporate,United States,Florida,West Palm Beach,33407,South
2143,Lester Sawyer,Home Office,United States,Virginia,Fairfax,20151,South
2145,Kerry Hardy,Corporate,United States,Florida,Fort Lauderdale,33311,South
2146,Courtney Boyd,Corporate,United States,Virginia,Fairfax,20151,South
2183,Sheryl Reese,Home Office,United States,Kentucky,Owensboro,42301,South
2193,Donald Melton,Home Office,United States,North Carolina,New Bern,28560,South
2209,Sharon Thomas,Home Office,United States,Georgia,College Park,30337,South
2220,Jennifer Stanton,Consumer,United States,Florida,Winter Garden,34787,South
2240,Maurice Kelly,Corporate,United States,Florida,Lakeland,33801,South
2254,Jeff Meadows,Corporate,United States,Kentucky,Paducah,42003,South
2256,Lloyd Levin,Corporate,United States,North Carolina,New Bern,28560,South
2257,Bernard Thompson,Corporate,United States,North Carolina,Raleigh,27604,South
2258,Nicole Pope,Corporate,United States,North Carolina,Rocky Mount,27801,South
2260,Geoffrey H Wong,Corporate,United States,Georgia,Rome,30161,South
2268,Carlos Adkins,Small Business,United States,Florida,Land O Lakes,34639,South
2270,Kristine Holden,Small Business,United States,South Carolina,Mauldin,29662,South
2285,Arnold Floyd Blair,Corporate,United States,South Carolina,Rock Hill,29730,South
2286,Larry Langston,Corporate,United States,South Carolina,Spartanburg,29301,South
2287,Samuel Newman,Corporate,United States,South Carolina,Summerville,29483,South
2302,Beth Dolan,Corporate,United States,Florida,Panama City,32404,South
2308,Laurence Cummings,Small Business,United States,Florida,Lehigh Acres,33971,South
2345,Colleen Marsh,Corporate,United States,Kentucky,Paducah,42003,South
2346,Sylvia Kumar,Corporate,United States,Kentucky,Pleasure Ridge Park,40258,South
2358,Danielle Baird,Corporate,United States,Florida,Fort Lauderdale,33311,South
2358,Danielle Baird,Home Office,United States,Florida,Fort Lauderdale,33311,South
2359,Annie Horne,Home Office,United States,Florida,Fort Myers,33917,South
2361,Vincent Daniel,Corporate,United States,Florida,Fruit Cove,32259,South
2369,Mike G Hartman,Consumer,United States,Florida,Pembroke Pines,33024,South
2393,Debbie Dillon,Corporate,United States,Georgia,Roswell,30076,South
2394,Tina Monroe,Corporate,United States,Georgia,Sandy Springs,30328,South
2395,Beverly Roberts,Corporate,United States,Georgia,Savannah,31401,South
2417,Ken H Frazier,Consumer,United States,Virginia,Oakton,22124,South
2418,Kyle Fink,Consumer,United States,Virginia,Petersburg,23805,South
2419,Sandra Faulkner,Consumer,United States,Virginia,Portsmouth,23701,South
2420,Wesley Cho,Consumer,United States,Virginia,Richmond,23223,South
2441,Kenneth Capps,Consumer,United States,Florida,Melbourne,32935,South
2442,Natalie Aldridge,Consumer,United States,Florida,Merritt Island,32953,South
2443,Danny Richmond,Corporate,United States,Florida,Miami,33142,South
2454,Donna Braun,Corporate,United States,Alabama,Hoover,35244,South
2456,Joan Beach,Home Office,United States,Alabama,Mobile,36608,South
2464,Joe George,Consumer,United States,Louisiana,Bossier City,71111,South
2468,Rhonda Stein,Home Office,United States,North Carolina,Salisbury,28144,South
2468,Rhonda Stein,Corporate,United States,North Carolina,Salisbury,28144,South
2481,Kelly Sawyer,Corporate,United States,Louisiana,Lafayette,70506,South
2484,Rhonda Bryant,Corporate,United States,Florida,Winter Haven,33881,South
2486,Jack Horn,Small Business,United States,Georgia,Statesboro,30458,South
2487,Michelle Bryant Phillips,Small Business,United States,Georgia,Tucker,30084,South
2488,Gordon Walker,Consumer,United States,Arkansas,Cabot,72023,South
2526,Derek Sweeney,Corporate,United States,Louisiana,Lafayette,70506,South
2527,Gretchen Orr,Corporate,United States,Louisiana,Lake Charles,70601,South
2539,Max Hubbard,Home Office,United States,Florida,Winter Park,32789,South
2540,Helen Ferguson,Home Office,United States,Florida,Winter Springs,32708,South
2543,Josephine Dalton,Small Business,United States,Virginia,Richmond,23223,South
2545,Rick Ellis,Home Office,United States,Virginia,Springfield,22153,South
2547,Edna Freeman,Small Business,United States,Virginia,Virginia Beach,23464,South
2578,Kent Gill,Home Office,United States,Alabama,Opelika,36801,South
2579,Marshall Sutherland,Home Office,United States,Alabama,Phenix City,36869,South
2593,Anne Schultz,Corporate,United States,Georgia,Athens,30605,South
2620,Phyllis Little,Corporate,United States,Tennessee,Bartlett,38134,South
2621,Robyn Hayes,Corporate,United States,Tennessee,Brentwood,37027,South
2655,Benjamin Lam,Consumer,United States,Georgia,Atlanta,30318,South
2655,Benjamin Lam,Corporate,United States,Georgia,Atlanta,30318,South
2671,Lloyd Fuller,Home Office,United States,Tennessee,Brentwood,37027,South
2677,Geoffrey Rivera,Small Business,United States,Virginia,Winchester,22601,South
2684,Edna Michael,Small Business,United States,Florida,Port Charlotte,33952,South
2696,Sally Dunn,Home Office,United States,Alabama,Tuscaloosa,35401,South
2697,Ricky W Clements,Corporate,United States,Alabama,Vestavia Hills,35216,South
2704,Juan Gold,Consumer,United States,Florida,Pensacola,32503,South
2720,Donna Block,Small Business,United States,Georgia,Dalton,30721,South
2724,Erika Clapp,Home Office,United States,Tennessee,Chattanooga,37421,South
2725,Katharine Hudson,Home Office,United States,Tennessee,Clarksville,37042,South
2750,Allen Nash,Small Business,United States,Virginia,Waynesboro,22980,South
2770,Joel Burnette,Corporate,United States,Georgia,Dunwoody,30338,South
2771,Kevin Wolfe,Corporate,United States,Georgia,East Point,30344,South
2778,Alison Jones,Consumer,United States,North Carolina,Wilmington,28403,South
2779,Jacob Burgess,Corporate,United States,North Carolina,Wilson,27893,South
2787,Rodney Kearney,Consumer,United States,Louisiana,Metairie,70003,South
2813,Marjorie Burnette,Corporate,United States,Tennessee,Cleveland,37311,South
2840,Bob Berg,Corporate,United States,Florida,North Miami,33161,South
2847,Vanessa Day,Corporate,United States,Tennessee,Collierville,38017,South
2848,Eileen Dalton,Corporate,United States,Tennessee,Columbia,38401,South
2858,Jerry Webster,Corporate,United States,Florida,Fruit Cove,32259,South
2859,Brad H Blake,Corporate,United States,Florida,Gainesville,32601,South
2873,Benjamin Gunter,Small Business,United States,Florida,Hialeah,33012,South
2880,Grace Black,Small Business,United States,Florida,North Miami Beach,33160,South
2882,Andrew Gonzalez,Consumer,United States,North Carolina,Charlotte,28206,South
2928,Leslie Woodard,Consumer,United States,South Carolina,Charleston,29418,South
2960,Allan Dickinson,Corporate,United States,Arkansas,Van Buren,72956,South
2968,Miriam Bowman,Small Business,United States,Florida,Hollywood,33021,South
3053,Robin Tyler,Corporate,United States,Kentucky,Murray,42071,South
3086,Ted Durham,Consumer,United States,Florida,North Port,34287,South
3100,Gladys Holloway,Consumer,United States,Florida,Oakland Park,33334,South
3105,Lawrence Hester,Home Office,United States,Kentucky,Murray,42071,South
3113,Wayne English,Corporate,United States,Louisiana,New Iberia,70560,South
3119,Jay Hubbard,Corporate,United States,Florida,Orlando,32839,South
3120,Daniel Christian,Home Office,United States,Louisiana,New Orleans,70117,South
3128,Cathy Burgess,Small Business,United States,Louisiana,Shreveport,71109,South
3154,Faye Manning,Corporate,United States,Florida,Saint Petersburg,33710,South
3154,Faye Manning,Consumer,United States,Florida,Saint Petersburg,33710,South
3155,Julian Keith Mayer,Corporate,United States,Florida,Sanford,32771,South
3167,Ray Silverman,Corporate,United States,Florida,Ponte Vedra Beach,32004,South
3169,Janice Boswell,Small Business,United States,Florida,Port Orange,32127,South
3170,Lawrence Haas,Corporate,United States,Florida,Port Saint Lucie,34952,South
3176,Jackie McCullough,Consumer,United States,Florida,Jacksonville,32216,South
3177,Laurie Petty,Consumer,United States,Florida,Jupiter,33458,South
3187,Sidney Gilliam,Small Business,United States,Florida,Riverview,33569,South
3194,Angela Rose,Consumer,United States,Florida,Spring Hill,34609,South
3221,Sean Pugh,Corporate,United States,Florida,Sunrise,33322,South
3222,Diane Lu,Corporate,United States,Florida,Tallahassee,32303,South
3224,Claudia White,Small Business,United States,Tennessee,Gallatin,37066,South
3225,Robyn Crawford,Small Business,United States,Tennessee,Germantown,38138,South
3226,Arthur Gold,Small Business,United States,Tennessee,Hendersonville,37075,South
3248,Earl Donnelly,Small Business,United States,Louisiana,Slidell,70458,South
3255,Maureen Whitley,Home Office,United States,Florida,Tamarac,33319,South
3279,Ricky Allred,Home Office,United States,South Carolina,Columbia,29203,South
3283,William Woodard,Corporate,United States,Florida,Kendall,33156,South
3284,Michael Shaffer,Corporate,United States,Florida,Kissimmee,34741,South
3285,Ricky Garner,Consumer,United States,Virginia,Herndon,20170,South
3303,Carole Creech,Home Office,United States,Florida,Lake Worth,33461,South
3319,Marlene Davidson,Small Business,United States,Tennessee,Hendersonville,37075,South
3320,Alicia Maynard,Small Business,United States,Tennessee,Jackson,38301,South
3331,Elisabeth Shaw,Corporate,United States,Florida,Ormond Beach,32174,South
3338,Constance Robertson,Consumer,United States,Florida,Tampa,33614,South
3339,Lester Copeland,Consumer,United States,Florida,Titusville,32780,South
3347,Carrie McIntosh,Consumer,United States,Florida,Royal Palm Beach,33411,South
3379,Annette McIntyre,Corporate,United States,Georgia,Kennesaw,30144,South
3379,Annette McIntyre,Home Office,United States,Georgia,Kennesaw,30144,South
3380,Eva Decker,Home Office,United States,Georgia,La Grange,30240,South
3381,Christopher Norton Patterson,Corporate,United States,Georgia,Macon,31204,South
3381,Christopher Norton Patterson,Home Office,United States,Georgia,Macon,31204,South
3,Bonnie Potter,Corporate,United States,Washington,Anacortes,98221,West
5,Ronnie Proctor,Home Office,United States,California,San Gabriel,91776,West
18,Laurie Hanna,Small Business,United States,Montana,Helena,59601,West
19,Jim Rodgers,Small Business,United States,Montana,Missoula,59801,West
24,Edna Thomas,Corporate,United States,California,Laguna Niguel,92677,West
27,Guy Gallagher,Corporate,United States,California,Lakewood,90712,West
32,Matthew Berman,Corporate,United States,Oregon,Grants Pass,97526,West
33,Ricky Hensley,Corporate,United States,Oregon,Gresham,97030,West
43,Theodore Moran,Consumer,United States,Washington,Redmond,98052,West
52,Lorraine Kelly,Corporate,United States,Washington,Puyallup,98373,West
53,Sidney Russell Austin,Corporate,United States,Washington,Redmond,98052,West
67,Ellen McCormick,Corporate,United States,California,Napa,94559,West
87,Norman Shields,Corporate,United States,California,Vacaville,95687,West
91,Wallace Werner,Home Office,United States,California,Vallejo,94591,West
91,Wallace Werner,Corporate,United States,California,Vallejo,94591,West
114,Ron Newton,Home Office,United States,Oregon,Lake Oswego,97035,West
115,Dwight M Carr,Home Office,United States,Oregon,Mcminnville,97128,West
117,Linda Weiss,Home Office,United States,Washington,Seattle,98103,West
120,Helen H Murphy,Corporate,United States,Utah,Layton,84041,West
136,Dale Gillespie,Small Business,United States,California,Petaluma,94952,West
156,Diana Xu,Corporate,United States,Colorado,Fort Collins,80525,West
164,Robin Kramer Vaughn,Home Office,United States,Washington,Richland,99352,West
181,Wesley Waller,Small Business,United States,California,San Francisco,94122,West
181,Wesley Waller,Corporate,United States,California,San Francisco,94122,West
193,Danny Hong,Corporate,United States,Utah,Layton,84041,West
194,Tammy Goldman,Corporate,United States,Utah,Lehi,84043,West
218,Frances Saunders,Consumer,United States,Utah,Murray,84107,West
236,Shawn McIntyre,Corporate,United States,Colorado,Louisville,80027,West
240,Gilbert Scarborough,Small Business,United States,Colorado,Fountain,80817,West
241,Amy Ellis Holder,Small Business,United States,Colorado,Grand Junction,81503,West
254,Brett Hawkins,Home Office,United States,Colorado,Highlands Ranch,80126,West
259,Edward Pugh,Consumer,United States,New Mexico,Santa Fe,87505,West
268,James Beck,Home Office,United States,Arizona,Flagstaff,86001,West
269,Calvin Boyette,Home Office,United States,Arizona,Gilbert,85234,West
290,Sara O'Connor,Small Business,United States,Colorado,Loveland,80538,West
308,Glen Caldwell,Small Business,United States,Washington,Seattle,98115,West
317,Katherine Kearney,Corporate,United States,California,Lemon Grove,91945,West
335,Curtis O'Connell,Corporate,United States,Oregon,Medford,97504,West
353,Bonnie Chambers,Home Office,United States,Arizona,Glendale,85301,West
357,Barbara McNamara,Corporate,United States,Arizona,Kingman,86401,West
369,Troy Moon,Corporate,United States,California,Oakland,94601,West
411,Carolyn Proctor,Consumer,United States,California,Oakland,94601,West
428,Ernest Barber,Corporate,United States,Nevada,Carson City,89701,West
451,Joyce Murray,Home Office,United States,California,Los Altos,94024,West
452,Leslie Rowland,Home Office,United States,California,Los Banos,93635,West
453,George Terry,Corporate,United States,California,Los Gatos,95032,West
463,Debbie Stevenson,Small Business,United States,California,West Hollywood,90069,West
485,Edward Leonard,Corporate,United States,California,Fresno,93727,West
493,Douglas Buck,Consumer,United States,Washington,Seatac,98158,West
494,Jimmy Alston Holder,Consumer,United States,Washington,Seattle,98115,West
510,Gregory Rao,Corporate,United States,California,Manteca,95336,West
522,Aaron Riggs,Small Business,United States,Oregon,Redmond,97756,West
526,April Hu,Home Office,United States,Arizona,Mesa,85204,West
549,Dennis Boykin Townsend,Corporate,United States,New Mexico,Roswell,88201,West
553,Kristine Connolly,Home Office,United States,California,Los Angeles,90008,West
553,Kristine Connolly,Corporate,United States,California,Los Angeles,90008,West
555,Walter Young,Corporate,United States,Utah,Pleasant Grove,84062,West
556,Kristina Sanders,Home Office,United States,Utah,Provo,84604,West
570,Katharine Bass,Consumer,United States,Nevada,Henderson,89015,West
576,Gordon Lyon,Corporate,United States,California,Pomona,91767,West
603,Gretchen Ball,Home Office,United States,Colorado,Pueblo,81001,West
604,Lindsay P Ashley,Corporate,United States,California,Los Angeles,90045,West
604,Lindsay P Ashley,Home Office,United States,California,Los Angeles,90045,West
617,Brett Schultz,Consumer,United States,Colorado,Pueblo,81001,West
618,Robert Cowan,Consumer,United States,Colorado,Pueblo West,81007,West
637,Christopher Bryant,Consumer,United States,California,Santa Clara,95051,West
638,Brooke Shepherd,Consumer,United States,California,Santa Cruz,95062,West
639,Lois Rowland,Consumer,United States,California,Santa Maria,93454,West
640,Neal Wolfe,Consumer,United States,Washington,Seattle,98119,West
651,Leah Clapp,Consumer,United States,Nevada,Las Vegas,89115,West
653,Ann Katz,Consumer,United States,California,Rancho Cucamonga,91730,West
679,Katie Dougherty,Corporate,United States,Washington,Spanaway,98387,West
680,Laurence Poe,Corporate,United States,Washington,Spokane,99207,West
691,Alicia Curtis,Home Office,United States,Washington,Tacoma,98408,West
693,Richard McClure,Small Business,United States,Colorado,Thornton,80229,West
698,Nelson Hensley,Corporate,United States,Washington,Seattle,98105,West
699,Jenny Gold,Consumer,United States,California,Los Angeles,90041,West
700,Joseph Grossman,Consumer,United States,California,Santa Maria,93454,West
702,Kelly O'Connor,Consumer,United States,California,Santa Rosa,95404,West
719,Stephen Lam,Corporate,United States,Nevada,Pahrump,89041,West
744,Joy Maxwell,Corporate,United States,Arizona,Oro Valley,85737,West
744,Joy Maxwell,Consumer,United States,Arizona,Oro Valley,85737,West
745,Mary Page,Consumer,United States,Arizona,Peoria,85345,West
753,Elisabeth Massey,Corporate,United States,Arizona,Prescott,86301,West
754,Helen Lyons,Corporate,United States,Arizona,Prescott Valley,86314,West
754,Helen Lyons,Consumer,United States,Arizona,Prescott Valley,86314,West
757,Neil Hogan,Home Office,United States,Oregon,Tualatin,97062,West
762,Stuart Holloway,Small Business,United States,Washington,Vancouver,98661,West
770,Geraldine Puckett,Small Business,United States,Oregon,Tualatin,97062,West
771,Deborah Paul,Small Business,United States,Oregon,West Linn,97068,West
782,Sarah N Becker,Small Business,United States,California,Whittier,90604,West
786,Jason Bray,Home Office,United States,California,Mission Viejo,92691,West
797,Eileen Riddle,Corporate,United States,Utah,Roy,84067,West
800,Cheryl Guthrie,Consumer,United States,Utah,Roy,84067,West
820,Catherine Mullins,Small Business,United States,Washington,Walla Walla,99362,West
830,Douglas Sutton,Corporate,United States,Colorado,Wheat Ridge,80033,West
833,Gerald Love,Corporate,United States,California,Gilroy,95020,West
850,Jesse Hutchinson,Corporate,United States,California,Goleta,93117,West
851,Helen H Heller,Corporate,United States,California,Hacienda Heights,91745,West
853,Leah Davenport,Small Business,United States,California,Hesperia,92345,West
871,Sandy Ellington,Home Office,United States,Nevada,Reno,89502,West
875,Erika Fink,Small Business,United States,Utah,Salt Lake City,84106,West
880,Ellen Beck,Small Business,United States,Arizona,Scottsdale,85254,West
918,Kerry Jernigan,Consumer,United States,California,Rancho Cucamonga,91730,West
918,Kerry Jernigan,Corporate,United States,California,Rancho Cucamonga,91730,West
919,Tracy Livingston,Consumer,United States,California,Redding,96003,West
920,Jessie Kelly,Corporate,United States,California,Redlands,92374,West
920,Jessie Kelly,Consumer,United States,California,Redlands,92374,West
922,Dolores Abrams,Small Business,United States,California,Rancho Cucamonga,91730,West
936,Robyn Garner,Corporate,United States,California,Redlands,92374,West
937,Kelly Shaw,Corporate,United States,California,Redondo Beach,90278,West
945,Stephanie Sun Perry,Home Office,United States,California,Saratoga,95070,West
949,Ernest Oh,Consumer,United States,California,Los Angeles,90049,West
960,Phillip Chappell,Home Office,United States,California,Redondo Beach,90278,West
961,Benjamin Chan,Home Office,United States,California,Redwood City,94061,West
972,Gregory Holden,Corporate,United States,California,Riverside,92503,West
993,Gail Currin,Small Business,United States,California,Oxnard,93030,West
1041,Mildred Chase,Small Business,United States,California,Woodland,95695,West
1042,Jerome Burch,Small Business,United States,California,Yuba City,95991,West
1044,Erin Ballard,Home Office,United States,California,Los Angeles,90004,West
1054,Keith R Atkinson,Corporate,United States,Arizona,Surprise,85374,West
1101,Kimberly McCarthy,Small Business,United States,California,Oxnard,93030,West
1112,Luis Kerr,Corporate,United States,California,Yucaipa,92399,West
1113,Julia Reynolds,Corporate,United States,Colorado,Arvada,80004,West
1117,Samantha Koch,Home Office,United States,Arizona,Tucson,85705,West
1121,Tonya Proctor,Consumer,United States,California,Temecula,92592,West
1123,Peggy Lanier,Small Business,United States,California,Roseville,95661,West
1155,Alex Nicholson,Consumer,United States,California,Montebello,90640,West
1182,Jesse Williamson,Home Office,United States,Utah,Spanish Fork,84660,West
1183,Becky O'Brien,Home Office,United States,Utah,Springville,84663,West
1186,Glenda Herbert,Consumer,United States,California,Huntington Beach,92646,West
1189,Dwight Stephenson,Consumer,United States,California,Huntington Beach,92646,West
1257,Ryan Foster,Home Office,United States,Colorado,Aurora,80013,West
1261,Vickie Gonzalez,Home Office,United States,Colorado,Broomfield,80020,West
1271,Joanne Church,Corporate,United States,California,La Mesa,91941,West
1280,Harold Albright,Corporate,United States,Washington,Seattle,98119,West
1303,Cindy Harvey,Consumer,United States,Utah,Tooele,84074,West
1304,Sherri McIntosh,Consumer,United States,Utah,West Jordan,84084,West
1305,Chris Pritchard,Consumer,United States,Utah,West Valley City,84120,West
1307,Teresa Hill,Small Business,United States,Oregon,Coos Bay,97420,West
1314,Keith Marsh,Home Office,United States,California,Los Angeles,90058,West
1315,Adam Saunders Gray,Home Office,United States,Colorado,Colorado Springs,80906,West
1316,Marion Lindsey,Home Office,United States,Colorado,Commerce City,80022,West
1374,Earl Buck,Home Office,United States,California,Stockton,95207,West
1383,Christina Hanna,Consumer,United States,Utah,West Valley City,84120,West
1389,Jean Khan,Corporate,United States,California,Menlo Park,94025,West
1389,Jean Khan,Small Business,United States,California,Menlo Park,94025,West
1389,Jean Khan,Consumer,United States,California,Menlo Park,94025,West
1390,Hazel Jones,Corporate,United States,California,Stockton,95207,West
1391,Carolyn Greer,Consumer,United States,California,Sunnyvale,94086,West
1391,Carolyn Greer,Small Business,United States,California,Sunnyvale,94086,West
1410,Charles Ward,Corporate,United States,California,Moreno Valley,92553,West
1412,Marc Ray,Corporate,United States,California,Mountain View,94043,West
1424,Robyn Zhou,Home Office,United States,Colorado,Englewood,80112,West
1425,Gregory Crane,Small Business,United States,Colorado,Fort Collins,80525,West
1450,Veronica Peck,Consumer,United States,California,South Lake Tahoe,96150,West
1469,Vicki Zhu Daniels,Small Business,United States,Utah,Clearfield,84015,West
1481,Marvin MacDonald,Corporate,United States,California,Los Angeles,90049,West
1609,Jerry Ennis,Consumer,United States,California,Sacramento,95823,West
1636,Sidney Greenberg,Home Office,United States,California,Salinas,93905,West
1653,Charles Cline,Corporate,United States,California,Thousand Oaks,91360,West
1665,Elsie Pridgen,Consumer,United States,California,Laguna Hills,92653,West
1723,Constance Flowers,Corporate,United States,California,San Diego,92037,West
1730,Kerry Wilkerson,Small Business,United States,Idaho,Moscow,83843,West
1754,Nelson Hong,Consumer,United States,California,Torrance,90503,West
1781,Jackie Capps,Corporate,United States,California,San Carlos,94070,West
1781,Jackie Capps,Home Office,United States,California,San Carlos,94070,West
1782,Lawrence Dennis,Home Office,United States,California,San Clemente,92672,West
1836,Dwight Albright Huffman,Corporate,United States,California,San Francisco,94110,West
1837,Herbert Williamson,Corporate,United States,California,San Gabriel,91776,West
1852,Joy Kaplan McNeill,Home Office,United States,California,Carlsbad,92008,West
1869,Roberta Daniel,Consumer,United States,New Mexico,Alamogordo,88310,West
1940,Eileen McDonald,Corporate,United States,Utah,Draper,84020,West
1949,Dana Waller,Small Business,United States,Montana,Bozeman,59715,West
1950,Leslie Shannon,Small Business,United States,Montana,Butte,59750,West
1956,Justin Frank,Consumer,United States,Colorado,Louisville,80027,West
1958,Vickie Martinez,Consumer,United States,Oregon,West Linn,97068,West
1979,Marianne Weiner Ennis,Corporate,United States,Colorado,Littleton,80122,West
1988,Anna Burgess,Home Office,United States,Utah,Draper,84020,West
1989,David Weaver,Home Office,United States,Utah,Holladay,84117,West
1989,David Weaver,Corporate,United States,Utah,Holladay,84117,West
1991,Paula Hubbard,Home Office,United States,Utah,Kearns,84118,West
2004,James Dickinson Ball,Home Office,United States,Montana,Bozeman,59715,West
2006,Cynthia Khan,Home Office,United States,Colorado,Durango,81301,West
2037,Lynda Herman,Small Business,United States,Montana,Bozeman,59715,West
2052,Francis Kendall,Home Office,United States,New Mexico,Albuquerque,87105,West
2094,Vernon Hirsch Singleton,Corporate,United States,California,Chico,95928,West
2135,Melvin Kendall,Home Office,United States,New Mexico,Clovis,88101,West
2141,Molly Webster,Home Office,United States,Colorado,Durango,81301,West
2164,Harry Sellers,Small Business,United States,California,Pasadena,91104,West
2225,Sean McKenna,Small Business,United States,New Mexico,Hobbs,88240,West
2323,Emma Buckley,Small Business,United States,California,Coachella,92236,West
2355,Clyde Burnett,Consumer,United States,California,Coachella,92236,West
2356,Emma Bloom,Consumer,United States,Wyoming,Rock Springs,82901,West
2376,Debra Batchelor,Corporate,United States,Idaho,Moscow,83843,West
2385,Janice Frye,Small Business,United States,New Mexico,Las Cruces,88001,West
2431,Troy Cassidy,Consumer,United States,California,Los Angeles,90004,West
2489,Craig Liu,Consumer,United States,California,Concord,94521,West
2489,Craig Liu,Home Office,United States,California,Concord,94521,West
2490,Pauline Finch,Home Office,United States,California,Costa Mesa,92627,West
2491,Sean N Boyer,Home Office,United States,California,Los Angeles,90045,West
2491,Sean N Boyer,Consumer,United States,California,Los Angeles,90045,West
2495,Maria Block,Consumer,United States,Wyoming,Rock Springs,82901,West
2498,Arlene Long,Corporate,United States,California,San Diego,92024,West
2498,Arlene Long,Small Business,United States,California,San Diego,92024,West
2530,Janet Zhang,Small Business,United States,California,Apple Valley,92307,West
2531,Rick Houston,Small Business,United States,California,Atascadero,93422,West
2548,Wayne Bass,Small Business,United States,California,Los Angeles,90068,West
2570,Yvonne Stephens,Consumer,United States,California,Davis,95616,West
2610,Tommy Lutz,Corporate,United States,California,Davis,95616,West
2626,Lillian Fischer,Consumer,United States,California,Menlo Park,94025,West
2638,Alicia Wood Shah,Consumer,United States,Idaho,Boise,83704,West
2639,Marianne Connor,Consumer,United States,New Mexico,Roswell,88201,West
2647,Teresa Bishop,Corporate,United States,California,Bakersfield,93309,West
2652,Brenda Ross,Consumer,United States,California,Bakersfield,93309,West
2670,Yvonne Mann,Home Office,United States,California,Los Angeles,90049,West
2699,Marcia Greenberg,Corporate,United States,Arizona,Bullhead City,86442,West
2729,Penny O Caldwell,Consumer,United States,Washington,Bellingham,98226,West
2741,Megan York,Small Business,United States,Idaho,Caldwell,83605,West
2745,Arnold Gay,Corporate,United States,Arizona,Chandler,85224,West
2773,Christina Zhu,Corporate,United States,California,Dublin,94568,West
2781,Kelly Byers,Consumer,United States,Oregon,Woodburn,97071,West
2801,Jimmy Wang,Home Office,United States,Arizona,Chandler,85224,West
2803,Catherine Dorsey Burnett,Small Business,United States,California,East Los Angeles,90022,West
2823,Max Hurley,Corporate,United States,Nevada,North Las Vegas,89031,West
2825,Carole Rosen,Consumer,United States,Idaho,Boise,83701,West
2828,Monica Howard,Corporate,United States,California,El Centro,92243,West
2855,Vicki Womble,Corporate,United States,Washington,Des Moines,98198,West
2855,Vicki Womble,Consumer,United States,Washington,Des Moines,98198,West
2868,Eugene Clayton,Corporate,United States,Washington,Edmonds,98026,West
2878,Susan Carroll Berman,Consumer,United States,Washington,Seattle,98107,West
2931,Faye Hanna,Small Business,United States,California,El Dorado Hills,95630,West
2962,Leonard Strauss,Consumer,United States,Colorado,Louisville,80027,West
3003,Roy Rouse,Home Office,United States,Idaho,Coeur D Alene,83814,West
3004,Maurice Everett,Corporate,United States,California,Los Angeles,90049,West
3005,Teresa Watts,Corporate,United States,Idaho,Coeur D Alene,83814,West
3006,Thomas Spence,Corporate,United States,Idaho,Idaho Falls,83402,West
3017,Melvin Benton,Corporate,United States,California,Encinitas,92024,West
3048,Tracy G Starr,Corporate,United States,California,Berkeley,94704,West
3063,Ann Steele,Consumer,United States,Washington,Kirkland,98034,West
3064,Clarence Crowder,Consumer,United States,Washington,Lacey,98503,West
3075,Gordon Brandt,Corporate,United States,California,Los Angeles,90061,West
3084,Debbie Hsu,Small Business,United States,Washington,Lacey,98503,West
3148,Leroy Field,Corporate,United States,Idaho,Post Falls,83854,West
3149,Harriet Moore,Corporate,United States,Idaho,Rexburg,83440,West
3151,Glenda Hunter,Corporate,United States,California,Twentynine Palms,92277,West
3151,Glenda Hunter,Home Office,United States,California,Twentynine Palms,92277,West
3196,Rick Foster Hawkins,Home Office,United States,California,San Francisco,94109,West
3205,Alvin Mullins,Consumer,United States,Idaho,Rexburg,83440,West
3206,Dana Rankin,Consumer,United States,Idaho,Twin Falls,83301,West
3209,Elsie Floyd,Corporate,United States,California,Beverly Hills,90210,West
3238,Kathleen P Bloom,Corporate,United States,Oregon,Corvallis,97330,West
3257,Sharon Marcus,Consumer,United States,Washington,Longview,98632,West
3258,Gretchen Best Wilkins,Consumer,United States,Washington,Lynnwood,98037,West
3264,Becky Puckett,Corporate,United States,California,Eureka,95501,West
3275,Tamara Dickinson,Home Office,United States,Washington,Mount Vernon,98273,West
3275,Tamara Dickinson,Small Business,United States,Washington,Mount Vernon,98273,West
3287,Mary Norman,Small Business,United States,California,Granite Bay,95746,West
3324,Leslie Jacobson,Consumer,United States,Arizona,El Mirage,85335,West
3325,Diane Barr,Consumer,United States,Oregon,Coos Bay,97420,West
3340,Phillip Blum,Consumer,United States,Oregon,Troutdale,97060,West
3350,Amy York,Small Business,United States,Washington,Parkland,98444,West
3351,Nathan Wyatt,Small Business,United States,Washington,Pasco,99301,West
3354,Sara Faulkner,Corporate,United States,California,Calexico,92231,West
3355,Glenda Simon,Corporate,United States,California,Camarillo,93010,West
3356,Richard Tan,Corporate,United States,Idaho,Eagle,83616,West
3388,Aaron Shaffer,Corporate,United States,California,Fairfield,94533,West
3393,Irene Murphy,Consumer,United States,Washington,Pullman,99163,West
3403,Tammy Buckley,Consumer,United States,Wyoming,Cheyenne,82001,West
