Product ID,Product Name,Product Sub-Category,Product Category,Product Base Margin
1,Howard Miller 12-3/4 Diameter Accuwave DS ™ Wall Clock,Office Furnishings,Furniture,0.43
2,Newell 321,Pens & Art Supplies,Office Supplies,0.56
3,Newell 351,Pens & Art Supplies,Office Supplies,0.56
4,"OIC Colored Binder Clips, Assorted Sizes",Rubber Bands,Office Supplies,0.36
5,Xerox 193,Paper,Office Supplies,0.36
6,"Snap-A-Way® Black Print Carbonless Speed Message, No Reply Area, Duplicate",Paper,Office Supplies,0.38
7,Office Star - Mid Back Dual function Ergonomic High Back Chair with 2-Way Adjustable Arms,Chairs & Chairmats,Furniture,0.62
8,"Belkin 107-key enhanced keyboard, USB/PS/2 interface",Computer Peripherals,Technology,0.79
9,5185,Telephones and Communication,Technology,0.58
10,"Eldon Regeneration Recycled Desk Accessories, Smoke",Office Furnishings,Furniture,0.53
11,"#10-4 1/8"" x 9 1/2"" Premium Diagonal Seam Envelopes",Envelopes,Office Supplies,0.4
12,Tenex B1-RE Series Chair Mats for Low Pile Carpets,Office Furnishings,Furniture,0.68
13,Global Ergonomic Managers Chair,Chairs & Chairmats,Furniture,0.59
14,Riverleaf Stik-Withit® Designer Note Cubes®,Paper,Office Supplies,0.39
15,Newell 323,Pens & Art Supplies,Office Supplies,0.59
16,Avery Arch Ring Binders,Binders and Binder Accessories,Office Supplies,0.38
17,APC 7 Outlet Network SurgeArrest Surge Protector,Appliances,Office Supplies,0.55
18,Durable Pressboard Binders,Binders and Binder Accessories,Office Supplies,0.38
19,Fellowes 17-key keypad for PS/2 interface,Computer Peripherals,Technology,0.75
20,StarTAC ST7762,Telephones and Communication,Technology,0.57
21,Fellowes Super Stor/Drawer® Files,Storage & Organization,Office Supplies,0.66
22,Xerox 1933,Paper,Office Supplies,0.38
23,"Imation 3.5"" Unformatted DS/HD Diskettes, 10/Box",Computer Peripherals,Technology,0.69
24,Fellowes Black Plastic Comb Bindings,Binders and Binder Accessories,Office Supplies,0.39
25,"Eldon Expressions™ Desk Accessory, Wood Pencil Holder, Oak",Office Furnishings,Furniture,0.55
26,Sanyo 2.5 Cubic Foot Mid-Size Office Refrigerators,Appliances,Office Supplies,0.59
27,Lock-Up Easel 'Spel-Binder',Binders and Binder Accessories,Office Supplies,0.38
28,"Memorex 4.7GB DVD+R, 3/Pack",Computer Peripherals,Technology,0.42
29,"Eldon Spacemaker® Box, Quick-Snap Lid, Clear",Pens & Art Supplies,Office Supplies,0.54
30,DIXON Oriole® Pencils,Pens & Art Supplies,Office Supplies,0.59
31,StarTAC Series,Telephones and Communication,Technology,0.55
32,Keytronic 105-Key Spanish Keyboard,Computer Peripherals,Technology,0.67
33,Xerox 214,Paper,Office Supplies,0.37
34,Tennsco Commercial Shelving,Storage & Organization,Office Supplies,0.84
35,ACCOHIDE® Binder by Acco,Binders and Binder Accessories,Office Supplies,0.38
36,"O'Sullivan Elevations Bookcase, Cherry Finish",Bookcases,Furniture,0.69
37,"Memorex 4.7GB DVD+RW, 3/Pack",Computer Peripherals,Technology,0.4
38,MicroTAC 650,Telephones and Communication,Technology,0.58
39,High Speed Automatic Electric Letter Opener,"Scissors, Rulers and Trimmers",Office Supplies,0.81
40,Bell Sonecor JB700 Caller ID,Telephones and Communication,Technology,0.6
41,O'Sullivan Living Dimensions 3-Shelf Bookcases,Bookcases,Furniture,0.75
42,Xerox 1971,Paper,Office Supplies,0.4
43,Accessory4,Telephones and Communication,Technology,0.85
44,3M Office Air Cleaner,Appliances,Office Supplies,0.5
45,Deluxe Rollaway Locking File with Drawer,Storage & Organization,Office Supplies,0.57
46,GBC Instant Index™ System for Binding Systems,Binders and Binder Accessories,Office Supplies,0.35
47,Xerox 4200 Series MultiUse Premium Copy Paper (20Lb. and 84 Bright),Paper,Office Supplies,0.4
48,T18,Telephones and Communication,Technology,0.57
49,Fellowes EZ Multi-Media Keyboard,Computer Peripherals,Technology,0.76
50,Telescoping Adjustable Floor Lamp,Office Furnishings,Furniture,0.6
51,Binding Machine Supplies,Binders and Binder Accessories,Office Supplies,0.37
52,"Master Giant Foot® Doorstop, Safety Yellow",Office Furnishings,Furniture,0.42
53,14-7/8 x 11 Blue Bar Computer Printout Paper,Paper,Office Supplies,0.37
54,Newell 333,Pens & Art Supplies,Office Supplies,0.59
55,"Office Star - Contemporary Task Swivel chair with 2-way adjustable arms, Plum",Chairs & Chairmats,Furniture,0.78
56,2160i,Telephones and Communication,Technology,0.59
57,Staples 6 Outlet Surge,Appliances,Office Supplies,0.58
58,Cardinal Poly Pocket Divider Pockets for Ring Binders,Binders and Binder Accessories,Office Supplies,0.4
59,Canon PC1060 Personal Laser Copier,Copiers and Fax,Technology,0.41
60,Nu-Dell Executive Frame,Office Furnishings,Furniture,0.48
61,GBC Recycled Regency Composition Covers,Binders and Binder Accessories,Office Supplies,0.39
62,Accessory29,Telephones and Communication,Technology,0.83
63,"Soundgear Copyboard Conference Phone, Optional Battery",Office Machines,Technology,0.37
64,BoxOffice By Design Rectangular and Half-Moon Meeting Room Tables,Tables,Furniture,0.77
65,Sharp 1540cs Digital Laser Copier,Copiers and Fax,Technology,0.35
66,2160,Telephones and Communication,Technology,0.57
67,White GlueTop Scratch Pads,Paper,Office Supplies,0.39
68,"ACCOHIDE® 3-Ring Binder, Blue, 1""",Binders and Binder Accessories,Office Supplies,0.38
69,"Avery 4027 File Folder Labels for Dot Matrix Printers, 5000 Labels per Box, White",Labels,Office Supplies,0.39
70,9-3/4 Diameter Round Wall Clock,Office Furnishings,Furniture,0.43
71,"80 Minute CD-R Spindle, 100/Pack - Staples",Computer Peripherals,Technology,0.54
72,3M Hangers With Command Adhesive,Office Furnishings,Furniture,0.44
73,"Adams Telephone Message Book w/Frequently-Called Numbers Space, 400 Messages per Book",Paper,Office Supplies,0.35
74,Bretford “Just In Time” Height-Adjustable Multi-Task Work Tables,Tables,Furniture,0.79
75,Xerox 1976,Paper,Office Supplies,0.37
76,Coloredge Poster Frame,Office Furnishings,Furniture,0.46
77,Eldon® Wave Desk Accessories,Office Furnishings,Furniture,0.43
78,"Sauder Facets Collection Locker/File Cabinet, Sky Alder Finish",Storage & Organization,Office Supplies,0.65
79,"Howard Miller 13-3/4"" Diameter Brushed Chrome Round Wall Clock",Office Furnishings,Furniture,0.55
80,"Executive Impressions 13"" Chairman Wall Clock",Office Furnishings,Furniture,0.5
81,Staples Bulldog Clip,Rubber Bands,Office Supplies,0.39
82,"Executive Impressions 14"" Two-Color Numerals Wall Clock",Office Furnishings,Furniture,0.44
83,Newell® 3-Hole Punched Plastic Slotted Magazine Holders for Binders,Binders and Binder Accessories,Office Supplies,0.37
84,Avery 498,Labels,Office Supplies,0.38
85,Xerox 1891,Paper,Office Supplies,0.38
86,"Sanford Colorific Colored Pencils, 12/Box",Pens & Art Supplies,Office Supplies,0.55
87,R380,Telephones and Communication,Technology,0.58
88,"Executive Impressions 12"" Wall Clock",Office Furnishings,Furniture,0.47
89,"Tennsco Snap-Together Open Shelving Units, Starter Sets and Add-On Units",Storage & Organization,Office Supplies,0.8
90,Avery® Durable Slant Ring Binders With Label Holder,Binders and Binder Accessories,Office Supplies,0.37
91,BASF Silver 74 Minute CD-R,Computer Peripherals,Technology,0.51
92,"Imation Neon Mac Format Diskettes, 10/Pack",Computer Peripherals,Technology,0.77
93,"Deflect-o EconoMat Nonstudded, No Bevel Mat",Office Furnishings,Furniture,0.65
94,Keytronic Designer 104- Key Black Keyboard,Computer Peripherals,Technology,0.77
95,2180,Telephones and Communication,Technology,0.57
96,"Holmes Replacement Filter for HEPA Air Cleaner, Large Room",Appliances,Office Supplies,0.43
97,"Eldon Expressions Punched Metal & Wood Desk Accessories, Pewter & Cherry",Office Furnishings,Furniture,0.57
98,Prang Drawing Pencil Set,Pens & Art Supplies,Office Supplies,0.45
99,"Array® Parchment Paper, Assorted Colors",Paper,Office Supplies,0.37
100,Accessory39,Telephones and Communication,Technology,0.81
101,"Memorex 4.7GB DVD-RAM, 3/Pack",Computer Peripherals,Technology,0.42
102,Xerox 1993,Paper,Office Supplies,0.36
103,Avery Printable Repositionable Plastic Tabs,Binders and Binder Accessories,Office Supplies,0.38
104,Holmes Odor Grabber,Appliances,Office Supplies,0.52
105,"Adams Phone Message Book, Professional, 400 Message Capacity, 5 3/6” x 11”",Paper,Office Supplies,0.38
106,Xerox 1985,Paper,Office Supplies,0.37
107,"Deflect-o SuperTray™ Unbreakable Stackable Tray, Letter, Black",Office Furnishings,Furniture,0.42
108,"Carina 42""Hx23 3/4""W Media Storage Unit",Storage & Organization,Office Supplies,0.83
109,Xerox 224,Paper,Office Supplies,0.37
110,"SAFCO PlanMaster Heigh-Adjustable Drafting Table Base, 43w x 30d x 30-37h, Black",Tables,Furniture,
111,"Global Stack Chair without Arms, Black",Chairs & Chairmats,Furniture,0.6
112,"Metal Folding Chairs, Beige, 4/Carton",Chairs & Chairmats,Furniture,0.58
113,232,Telephones and Communication,Technology,0.55
114,Document Clip Frames,Office Furnishings,Furniture,0.43
115,Newell 337,Pens & Art Supplies,Office Supplies,0.56
116,"DS/HD IBM Formatted Diskettes, 200/Pack - Staples",Computer Peripherals,Technology,0.71
117,Office Star - Professional Matrix Back Chair with 2-to-1 Synchro Tilt and Mesh Fabric Seat,Chairs & Chairmats,Furniture,0.61
118,"Avery Trapezoid Ring Binder, 3"" Capacity, Black, 1040 sheets",Binders and Binder Accessories,Office Supplies,0.36
119,Epson DFX5000+ Dot Matrix Printer,Office Machines,Technology,0.57
120,Xerox 1910,Paper,Office Supplies,0.37
121,Newell 320,Pens & Art Supplies,Office Supplies,0.58
122,Self-Adhesive Address Labels for Typewriters by Universal,Labels,Office Supplies,0.38
123,Turquoise Lead Holder with Pocket Clip,Pens & Art Supplies,Office Supplies,0.52
124,Panasonic KX-P1150 Dot Matrix Printer,Office Machines,Technology,0.56
125,Newell 343,Pens & Art Supplies,Office Supplies,0.58
126,"Staples Wirebound Steno Books, 6"" x 9"", 12/Pack",Paper,Office Supplies,0.36
127,Xerox 1893,Paper,Office Supplies,0.36
128,Panasonic KX-P3626 Dot Matrix Printer,Office Machines,Technology,0.59
129,Ampad #10 Peel & Seel® Holiday Envelopes,Envelopes,Office Supplies,0.37
130,"GBC Pre-Punched Binding Paper, Plastic, White, 8-1/2"" x 11""",Binders and Binder Accessories,Office Supplies,0.37
131,Xerox 1982,Paper,Office Supplies,0.39
132,Boston 16701 Slimline Battery Pencil Sharpener,Pens & Art Supplies,Office Supplies,0.55
133,"Executive Impressions 13"" Clairmont Wall Clock",Office Furnishings,Furniture,0.44
134,"Acme Hot Forged Carbon Steel Scissors with Nickel-Plated Handles, 3 7/8"" Cut, 8""L","Scissors, Rulers and Trimmers",Office Supplies,0.56
135,Accessory36,Telephones and Communication,Technology,0.83
136,"Sanyo Counter Height Refrigerator with Crisper, 3.6 Cubic Foot, Stainless Steel/Black",Appliances,Office Supplies,0.57
137,"Telephone Message Books with Fax/Mobile Section, 5 1/2"" x 3 3/16""",Paper,Office Supplies,0.39
138,Acme® Forged Steel Scissors with Black Enamel Handles,"Scissors, Rulers and Trimmers",Office Supplies,0.56
139,Hon Olson Stacker Stools,Chairs & Chairmats,Furniture,0.57
140,GBC Wire Binding Strips,Binders and Binder Accessories,Office Supplies,0.37
141,Talkabout T8367,Telephones and Communication,Technology,0.56
142,Westinghouse Clip-On Gooseneck Lamps,Office Furnishings,Furniture,0.59
143,Eureka Disposable Bags for Sanitaire® Vibra Groomer I® Upright Vac,Appliances,Office Supplies,0.6
144,Plymouth Boxed Rubber Bands by Plymouth,Rubber Bands,Office Supplies,0.8
145,"Important Message Pads, 50 4-1/4 x 5-1/2 Forms per Pad",Paper,Office Supplies,0.36
146,"#10- 4 1/8"" x 9 1/2"" Security-Tint Envelopes",Envelopes,Office Supplies,0.36
147,"C-Line Peel & Stick Add-On Filing Pockets, 8-3/4 x 5-1/8, 10/Pack",Binders and Binder Accessories,Office Supplies,0.38
148,Canon Imageclass D680 Copier / Fax,Copiers and Fax,Technology,0.54
149,Logitech Internet Navigator Keyboard,Computer Peripherals,Technology,0.79
150,Xerox 1897,Paper,Office Supplies,0.36
151,Epson LQ-570e Dot Matrix Printer,Office Machines,Technology,0.56
152,Hoover WindTunnel™ Plus Canister Vacuum,Appliances,Office Supplies,0.57
153,Xerox 1939,Paper,Office Supplies,0.37
154,Avery 497,Labels,Office Supplies,0.37
155,"Pressboard Covers with Storage Hooks, 9 1/2"" x 11"", Light Blue",Binders and Binder Accessories,Office Supplies,0.38
156,Canon imageCLASS 2200 Advanced Copier,Copiers and Fax,Technology,0.37
157,"Verbatim DVD-RAM, 5.2GB, Rewritable, Type 1, DS",Computer Peripherals,Technology,0.5
158,Southworth 25% Cotton Antique Laid Paper & Envelopes,Paper,Office Supplies,0.4
159,Newell 312,Pens & Art Supplies,Office Supplies,0.55
160,"Imation 3.5"", DISKETTE 44766 HGHLD3.52HD/FM, 10/Pack",Computer Peripherals,Technology,0.64
161,GBC VeloBinder Electric Binding Machine,Binders and Binder Accessories,Office Supplies,0.35
162,Adesso Programmable 142-Key Keyboard,Computer Peripherals,Technology,0.74
163,US Robotics 56K V.92 External Faxmodem,Computer Peripherals,Technology,0.52
164,i470,Telephones and Communication,Technology,0.56
165,SAFCO Folding Chair Trolley,Chairs & Chairmats,Furniture,
166,"Eldon® Expressions™ Wood Desk Accessories, Oak",Office Furnishings,Furniture,0.56
167,Polycom VoiceStation 100,Office Machines,Technology,0.39
168,Phone 918,Telephones and Communication,Technology,0.59
169,"Avery Flip-Chart Easel Binder, Black",Binders and Binder Accessories,Office Supplies,0.38
170,G.E. Halogen Desk Lamp Bulbs,Office Furnishings,Furniture,0.37
171,Avery Binder Labels,Binders and Binder Accessories,Office Supplies,0.37
172,Hon Every-Day® Chair Series Swivel Task Chairs,Chairs & Chairmats,Furniture,0.64
173,"IBM Multi-Purpose Copy Paper, 8 1/2 x 11"", Case",Paper,Office Supplies,0.4
174,Bionaire Personal Warm Mist Humidifier/Vaporizer,Appliances,Office Supplies,0.46
175,"Sauder Forest Hills Library, Woodland Oak Finish",Bookcases,Furniture,0.77
176,Bush Advantage Collection® Round Conference Table,Tables,Furniture,0.73
177,Economy Binders,Binders and Binder Accessories,Office Supplies,0.36
178,Carina Double Wide Media Storage Towers in Natural & Black,Storage & Organization,Office Supplies,0.81
179,Advantus Map Pennant Flags and Round Head Tacks,Rubber Bands,Office Supplies,0.53
180,Xerox 1928,Paper,Office Supplies,0.4
181,"Wilson Jones Ledger-Size, Piano-Hinge Binder, 2"", Blue",Binders and Binder Accessories,Office Supplies,0.37
182,Okidata ML390 Turbo Dot Matrix Printers,Office Machines,Technology,0.56
183,Safco Contoured Stacking Chairs,Chairs & Chairmats,Furniture,
184,Canon PC-428 Personal Copier,Copiers and Fax,Technology,0.46
185,Canon MP41DH Printing Calculator,Office Machines,Technology,0.38
186,Fellowes High-Stak® Drawer Files,Storage & Organization,Office Supplies,0.62
187,Accessory24,Telephones and Communication,Technology,0.59
188,Avery 491,Labels,Office Supplies,0.39
189,Avery White Multi-Purpose Labels,Labels,Office Supplies,0.39
190,Timeport L7089,Telephones and Communication,Technology,0.58
191,Epson C62 Color Inkjet Printer,Office Machines,Technology,0.35
192,Nu-Dell Leatherette Frames,Office Furnishings,Furniture,0.49
193,Xerox 1894,Paper,Office Supplies,0.37
194,Accessory20,Telephones and Communication,Technology,0.37
195,Keytronic French Keyboard,Computer Peripherals,Technology,0.65
196,Presstex Flexible Ring Binders,Binders and Binder Accessories,Office Supplies,0.35
197,"Staples #10 Laser & Inkjet Envelopes, 4 1/8"" x 9 1/2"", 100/Box",Envelopes,Office Supplies,0.35
198,*Staples* Highlighting Markers,Pens & Art Supplies,Office Supplies,0.52
199,Bevis 36 x 72 Conference Tables,Tables,Furniture,0.63
200,i2000,Telephones and Communication,Technology,0.6
201,"Staples #10 Laser & Inkjet Envelopes, 4 1/8"" x 9 1/2"", 100/Box",Envelopes,Office Supplies,0.39
202,"Manila Recycled Extra-Heavyweight Clasp Envelopes, 6"" x 9""",Envelopes,Office Supplies,0.36
203,"Global Leather and Oak Executive Chair, Black",Chairs & Chairmats,Furniture,0.56
204,"Tennsco Lockers, Sand",Storage & Organization,Office Supplies,0.61
205,Kensington 7 Outlet MasterPiece Power Center,Appliances,Office Supplies,0.56
206,"Howard Miller 13"" Diameter Goldtone Round Wall Clock",Office Furnishings,Furniture,0.44
207,GBC Binding covers,Binders and Binder Accessories,Office Supplies,0.4
208,5180,Telephones and Communication,Technology,0.56
209,"Recycled Desk Saver Line ""While You Were Out"" Book, 5 1/2"" X 4""",Paper,Office Supplies,0.39
210,Fellowes Staxonsteel® Drawer Files,Storage & Organization,Office Supplies,0.71
211,Ibico Covers for Plastic or Wire Binding Elements,Binders and Binder Accessories,Office Supplies,0.4
212,Hanging Personal Folder File,Storage & Organization,Office Supplies,0.6
213,Tennsco Double-Tier Lockers,Storage & Organization,Office Supplies,0.72
214,Epson C82 Color Inkjet Printer,Office Machines,Technology,0.36
215,Avery Legal 4-Ring Binder,Binders and Binder Accessories,Office Supplies,0.35
216,"Global High-Back Leather Tilter, Burgundy",Chairs & Chairmats,Furniture,0.74
217,"Maxell 3.5"" DS/HD IBM-Formatted Diskettes, 10/Pack",Computer Peripherals,Technology,0.66
218,Canon Image Class D660 Copier,Copiers and Fax,Technology,0.44
219,Staples 1 Part Blank Computer Paper,Paper,Office Supplies,0.36
220,Advantus Panel Wall Certificate Holder - 8.5x11,Office Furnishings,Furniture,0.43
221,Avery Durable Poly Binders,Binders and Binder Accessories,Office Supplies,0.39
222,Martin-Yale Premier Letter Opener,"Scissors, Rulers and Trimmers",Office Supplies,0.82
223,"GBC Prepunched Paper, 19-Hole, for Binding Systems, 24-lb",Binders and Binder Accessories,Office Supplies,0.39
224,Recycled Eldon Regeneration Jumbo File,Storage & Organization,Office Supplies,0.57
225,"Tenex Contemporary Contur Chairmats for Low and Medium Pile Carpet, Computer, 39"" x 49""",Office Furnishings,Furniture,0.65
226,"Acme® 8"" Straight Scissors","Scissors, Rulers and Trimmers",Office Supplies,0.6
227,Eldon® 200 Class™ Desk Accessories,Office Furnishings,Furniture,0.53
228,Staples Copy Paper (20Lb. and 84 Bright),Paper,Office Supplies,0.38
229,Tennsco Industrial Shelving,Storage & Organization,Office Supplies,0.83
230,"Acme Design Line 8"" Stainless Steel Bent Scissors w/Champagne Handles, 3-1/8"" Cut","Scissors, Rulers and Trimmers",Office Supplies,0.58
231,Accessory28,Telephones and Communication,Technology,0.83
232,"Avery 05222 Permanent Self-Adhesive File Folder Labels for Typewriters, on Rolls, White, 250/Roll",Labels,Office Supplies,0.39
233,"Tenex Traditional Chairmats for Medium Pile Carpet, Standard Lip, 36"" x 48""",Office Furnishings,Furniture,0.64
234,Avery Binding System Hidden Tab™ Executive Style Index Sets,Binders and Binder Accessories,Office Supplies,0.35
235,Euro Pro Shark Stick Mini Vacuum,Appliances,Office Supplies,0.59
236,Xerox 1978,Paper,Office Supplies,0.36
237,"Wirebound Message Book, 4 per Page",Paper,Office Supplies,0.36
238,Sharp EL500L Fraction Calculator,Office Machines,Technology,0.39
239,"Riverside Palais Royal Lawyers Bookcase, Royale Cherry Finish",Bookcases,Furniture,0.62
240,Staples Battery-Operated Desktop Pencil Sharpener,Pens & Art Supplies,Office Supplies,0.6
241,Canon P1-DHIII Palm Printing Calculator,Office Machines,Technology,0.4
242,Xerox 1896,Paper,Office Supplies,0.4
243,"Gould Plastics 9-Pocket Panel Bin, 18-3/8w x 5-1/4d x 20-1/2h, Black",Storage & Organization,Office Supplies,0.81
244,"Wirebound Message Books, Four 2 3/4"" x 5"" Forms per Page, 600 Sets per Book",Paper,Office Supplies,0.38
245,Newell 315,Pens & Art Supplies,Office Supplies,0.6
246,"Bush Westfield Collection Bookcases, Dark Cherry Finish, Fully Assembled",Bookcases,Furniture,0.78
247,Accessory34,Telephones and Communication,Technology,0.55
248,Xerox 1983,Paper,Office Supplies,0.36
249,"Wilson Jones Hanging View Binder, White, 1""",Binders and Binder Accessories,Office Supplies,0.39
250,"Fellowes Basic 104-Key Keyboard, Platinum",Computer Peripherals,Technology,0.6
251,Ibico Recycled Linen-Style Covers,Binders and Binder Accessories,Office Supplies,0.37
252,Self-Adhesive Ring Binder Labels,Binders and Binder Accessories,Office Supplies,0.38
253,"Tenex File Box, Personal Filing Tote with Lid, Black",Storage & Organization,Office Supplies,0.59
254,Quality Park Security Envelopes,Envelopes,Office Supplies,0.38
255,Office Star - Ergonomic Mid Back Chair with 2-Way Adjustable Arms,Chairs & Chairmats,Furniture,0.69
256,Belkin F9M820V08 8 Outlet Surge,Appliances,Office Supplies,0.56
257,"Bravo II™ Megaboss® 12-Amp Hard Body Upright, Replacement Belts, 2 Belts per Pack",Appliances,Office Supplies,0.56
258,"Rubbermaid ClusterMat Chairmats, Mat Size- 66"" x 60"", Lip 20"" x 11"" -90 Degree Angle",Office Furnishings,Furniture,0.69
259,Adesso Programmable 142-Key Keyboard,Computer Peripherals,Technology,0.79
260,Micro Innovations Media Access Pro Keyboard,Computer Peripherals,Technology,0.76
261,Xerox 1937,Paper,Office Supplies,0.37
262,Xerox 1986,Paper,Office Supplies,0.37
263,Honeywell Quietcare HEPA Air Cleaner,Appliances,Office Supplies,0.52
264,Kensington 6 Outlet Guardian Standard Surge Protector,Appliances,Office Supplies,0.58
265,"#10 White Business Envelopes,4 1/8 x 9 1/2",Envelopes,Office Supplies,0.38
266,"Hon Metal Bookcases, Putty",Bookcases,Furniture,0.56
267,Newell 309,Pens & Art Supplies,Office Supplies,0.55
268,Eldon Jumbo ProFile™ Portable File Boxes Graphite/Black,Storage & Organization,Office Supplies,0.57
269,Avery 493,Labels,Office Supplies,0.36
270,Xerox 220,Paper,Office Supplies,0.37
271,Canon BP1200DH 12-Digit Bubble Jet Printing Calculator,Office Machines,Technology,0.36
272,688,Telephones and Communication,Technology,0.6
273,Xerox 1908,Paper,Office Supplies,0.36
274,Xerox 199,Paper,Office Supplies,0.4
275,Bretford Rectangular Conference Table Tops,Tables,Furniture,0.74
276,Bush Advantage Collection® Racetrack Conference Table,Tables,Furniture,0.67
277,T28 WORLD,Telephones and Communication,Technology,0.6
278,"Atlantic Metals Mobile 2-Shelf Bookcases, Custom Colors",Bookcases,Furniture,0.56
279,Accessory41,Telephones and Communication,Technology,0.38
280,Imation 5.2GB DVD-RAM,Computer Peripherals,Technology,0.5
281,Avery 481,Labels,Office Supplies,0.37
282,i500plus,Telephones and Communication,Technology,0.58
283,"Speediset Carbonless Redi-Letter® 7"" x 8 1/2""",Paper,Office Supplies,0.38
284,"Atlantic Metals Mobile 3-Shelf Bookcases, Custom Colors",Bookcases,Furniture,0.59
285,Ultra Door Pull Handle,Office Furnishings,Furniture,0.52
286,Xerox 1920,Paper,Office Supplies,0.4
287,Hon 4070 Series Pagoda™ Armless Upholstered Stacking Chairs,Chairs & Chairmats,Furniture,0.56
288,Okidata ML320 Series Turbo Dot Matrix Printers,Office Machines,Technology,0.56
289,Xerox 1994,Paper,Office Supplies,0.37
290,Hon Pagoda™ Stacking Chairs,Chairs & Chairmats,Furniture,0.55
291,StarTAC 6500,Telephones and Communication,Technology,0.59
292,Xerox 1974,Paper,Office Supplies,0.36
293,Bush Mission Pointe Library,Bookcases,Furniture,0.65
294,"Fellowes Internet Keyboard, Platinum",Computer Peripherals,Technology,0.74
295,Epson DFX-8500 Dot Matrix Printer,Office Machines,Technology,0.57
296,"Hon Deluxe Fabric Upholstered Stacking Chairs, Rounded Back",Chairs & Chairmats,Furniture,0.55
297,Binder Posts,Binders and Binder Accessories,Office Supplies,0.39
298,Eldon Cleatmat® Chair Mats for Medium Pile Carpets,Office Furnishings,Furniture,0.72
299,"Advantus Employee of the Month Certificate Frame, 11 x 13-1/2",Office Furnishings,Furniture,0.44
300,Panasonic KX-P3200 Dot Matrix Printer,Office Machines,Technology,0.6
301,Hon 94000 Series Round Tables,Tables,Furniture,0.76
302,Xerox 1979,Paper,Office Supplies,0.4
303,Brown Kraft Recycled Envelopes,Envelopes,Office Supplies,0.35
304,Stanley Bostitch Contemporary Electric Pencil Sharpeners,Pens & Art Supplies,Office Supplies,0.57
305,282,Telephones and Communication,Technology,0.56
306,Tensor Computer Mounted Lamp,Office Furnishings,Furniture,0.58
307,Avery 51,Labels,Office Supplies,0.39
308,Rediform S.O.S. Phone Message Books,Paper,Office Supplies,0.36
309,3285,Telephones and Communication,Technology,0.59
310,Kensington 7 Outlet MasterPiece Power Center with Fax/Phone Line Protection,Appliances,Office Supplies,0.55
311,"Acco Four Pocket Poly Ring Binder with Label Holder, Smoke, 1""",Binders and Binder Accessories,Office Supplies,0.4
312,Xerox 213,Paper,Office Supplies,0.37
313,"Holmes Replacement Filter for HEPA Air Cleaner, Medium Room",Appliances,Office Supplies,0.42
314,Acme Galleria® Hot Forged Steel Scissors with Colored Handles,"Scissors, Rulers and Trimmers",Office Supplies,0.56
315,"Belkin 325VA UPS Surge Protector, 6'",Appliances,Office Supplies,0.6
316,"Westinghouse Floor Lamp with Metal Mesh Shade, Black",Office Furnishings,Furniture,0.62
317,V70,Telephones and Communication,Technology,0.59
318,Xerox 1903,Paper,Office Supplies,0.36
319,Harmony HEPA Quiet Air Purifiers,Appliances,Office Supplies,0.5
320,Holmes HEPA Air Purifier,Appliances,Office Supplies,0.5
321,Logitech Cordless Navigator Duo,Computer Peripherals,Technology,0.48
322,Tyvek® Side-Opening Peel & Seel® Expanding Envelopes,Envelopes,Office Supplies,0.4
323,Newell 318,Pens & Art Supplies,Office Supplies,0.59
324,Rubber Band Ball,Rubber Bands,Office Supplies,0.83
325,"Peel & Seel® Recycled Catalog Envelopes, Brown",Envelopes,Office Supplies,0.35
326,Newell 310,Pens & Art Supplies,Office Supplies,0.56
327,GBC Therma-A-Bind 250T Electric Binding System,Binders and Binder Accessories,Office Supplies,0.37
328,Avery Hi-Liter® Fluorescent Desk Style Markers,Pens & Art Supplies,Office Supplies,0.48
329,"Holmes Replacement Filter for HEPA Air Cleaner, Very Large Room, HEPA Filter",Appliances,Office Supplies,0.41
330,"Rediform Wirebound ""Phone Memo"" Message Book, 11 x 5-3/4",Paper,Office Supplies,0.36
331,"Global Airflow Leather Mesh Back Chair, Black",Chairs & Chairmats,Furniture,0.55
332,Logitech Cordless Elite Duo,Computer Peripherals,Technology,0.4
333,Hoover Portapower™ Portable Vacuum,Appliances,Office Supplies,0.6
334,"White Dual Perf Computer Printout Paper, 2700 Sheets, 1 Part, Heavyweight, 20 lbs., 14 7/8 x 11",Paper,Office Supplies,0.36
335,Avery Premier Heavy-Duty Binder with Round Locking Rings,Binders and Binder Accessories,Office Supplies,0.39
336,SANFORD Major Accent™ Highlighters,Pens & Art Supplies,Office Supplies,0.47
337,7160,Telephones and Communication,Technology,0.59
338,"Dual Level, Single-Width Filing Carts",Storage & Organization,Office Supplies,0.59
339,3M Organizer Strips,Binders and Binder Accessories,Office Supplies,0.37
340,GBC Standard Plastic Binding Systems Combs,Binders and Binder Accessories,Office Supplies,0.36
341,Lexmark Z54se Color Inkjet Printer,Office Machines,Technology,0.36
342,Newell 31,Pens & Art Supplies,Office Supplies,0.57
343,"GBC Twin Loop™ Wire Binding Elements, 9/16"" Spine, Black",Binders and Binder Accessories,Office Supplies,0.36
344,Xerox 227,Paper,Office Supplies,0.37
345,Nu-Form 106-Key Ergonomic Keyboard w/ Touchpad,Computer Peripherals,Technology,0.62
346,Xerox 1989,Paper,Office Supplies,0.38
347,Hon 4700 Series Mobuis™ Mid-Back Task Chairs with Adjustable Arms,Chairs & Chairmats,Furniture,0.64
348,GBC Standard Therm-A-Bind Covers,Binders and Binder Accessories,Office Supplies,0.39
349,Staples Premium Bright 1-Part Blank Computer Paper,Paper,Office Supplies,0.38
350,5165,Telephones and Communication,Technology,0.59
351,GBC ProClick Spines for 32-Hole Punch,Binders and Binder Accessories,Office Supplies,0.38
352,12 Colored Short Pencils,Pens & Art Supplies,Office Supplies,0.58
353,"Mead 1st Gear 2"" Zipper Binder, Asst. Colors",Binders and Binder Accessories,Office Supplies,0.35
354,Avery 508,Labels,Office Supplies,0.36
355,Okidata ML520 Series Dot Matrix Printers,Office Machines,Technology,0.56
356,"TOPS Voice Message Log Book, Flash Format",Paper,Office Supplies,0.36
357,Avery 48,Labels,Office Supplies,0.39
358,Xerox 20,Paper,Office Supplies,0.37
359,"Boston School Pro Electric Pencil Sharpener, 1670",Pens & Art Supplies,Office Supplies,0.58
360,Electrix Halogen Magnifier Lamp,Office Furnishings,Furniture,0.59
361,Luxo Professional Fluorescent Magnifier Lamp with Clamp-Mount Base,Office Furnishings,Furniture,0.59
362,i1000,Telephones and Communication,Technology,0.58
363,Hand-Finished Solid Wood Document Frame,Office Furnishings,Furniture,0.55
364,"Executive Impressions 8-1/2"" Career Panel/Partition Cubicle Clock",Office Furnishings,Furniture,0.51
365,Xerox 1962,Paper,Office Supplies,0.4
366,Staples Vinyl Coated Paper Clips,Rubber Bands,Office Supplies,0.39
367,Avery 492,Labels,Office Supplies,0.39
368,Bretford CR4500 Series Slim Rectangular Table,Tables,Furniture,0.62
369,"Memo Book, 100 Message Capacity, 5 3/8” x 11”",Paper,Office Supplies,0.35
370,Polycom ViaVideo™ Desktop Video Communications Unit,Office Machines,Technology,0.37
371,Newell 346,Pens & Art Supplies,Office Supplies,0.56
372,Avery 479,Labels,Office Supplies,0.39
373,Wirebound Voice Message Log Book,Paper,Office Supplies,0.39
374,Barrel Sharpener,Pens & Art Supplies,Office Supplies,0.59
375,A1228,Telephones and Communication,Technology,0.58
376,"Premier Elliptical Ring Binder, Black",Binders and Binder Accessories,Office Supplies,0.37
377,"Sony MFD2HD Formatted Diskettes, 10/Pack",Computer Peripherals,Technology,0.71
378,Boston 16801 Nautilus™ Battery Pencil Sharpener,Pens & Art Supplies,Office Supplies,0.59
379,Canon MP25DIII Desktop Whisper-Quiet Printing Calculator,Office Machines,Technology,0.37
380,Lexmark Z25 Color Inkjet Printer,Office Machines,Technology,0.37
381,1726 Digital Answering Machine,Telephones and Communication,Technology,0.58
382,Aluminum Document Frame,Office Furnishings,Furniture,0.55
383,Fellowes Bases and Tops For Staxonsteel®/High-Stak® Systems,Storage & Organization,Office Supplies,0.61
384,Ibico Hi-Tech Manual Binding System,Binders and Binder Accessories,Office Supplies,0.4
385,V 3600 Series,Telephones and Communication,Technology,0.58
386,Hon 2111 Invitation™ Series Corner Table,Tables,Furniture,0.79
387,Xerox 1973,Paper,Office Supplies,0.39
388,Hewlett-Packard Deskjet 940 REFURBISHED Color Inkjet Printer,Office Machines,Technology,0.4
389,Xerox 1997,Paper,Office Supplies,0.37
390,Xerox 194,Paper,Office Supplies,0.37
391,Epson LQ-870 Dot Matrix Printer,Office Machines,Technology,0.59
392,"Global Leather Task Chair, Black",Chairs & Chairmats,Furniture,0.66
393,"Snap-A-Way® Black Print Carbonless Ruled Speed Letter, Triplicate",Paper,Office Supplies,0.38
394,Accessory21,Telephones and Communication,Technology,0.37
395,Microsoft Multimedia Keyboard,Computer Peripherals,Technology,0.74
396,Accessory31,Telephones and Communication,Technology,0.35
397,Newell 338,Pens & Art Supplies,Office Supplies,0.58
398,Wilson Jones 14 Line Acrylic Coated Pressboard Data Binders,Binders and Binder Accessories,Office Supplies,0.38
399,Avery Hi-Liter® Smear-Safe Highlighters,Pens & Art Supplies,Office Supplies,0.49
400,"Bush Westfield Collection Bookcases, Fully Assembled",Bookcases,Furniture,0.62
401,Xerox 196,Paper,Office Supplies,0.36
402,Tripp Lite Isotel 8 Ultra 8 Outlet Metal Surge,Appliances,Office Supplies,0.59
403,Fiskars® Softgrip Scissors,"Scissors, Rulers and Trimmers",Office Supplies,0.57
404,Xerox 1881,Paper,Office Supplies,0.38
405,Hammermill CopyPlus Copy Paper (20Lb. and 84 Bright),Paper,Office Supplies,0.36
406,"Tensor ""Hersey Kiss"" Styled Floor Lamp",Office Furnishings,Furniture,0.73
407,Xerox 1906,Paper,Office Supplies,0.38
408,"Hot File® 7-Pocket, Floor Stand",Storage & Organization,Office Supplies,0.55
409,Keytronic 105-Key Spanish Keyboard,Computer Peripherals,Technology,0.77
410,"*Staples* vLetter Openers, 2/Pack","Scissors, Rulers and Trimmers",Office Supplies,0.83
411,"GBC White Gloss Covers, Plain Front",Binders and Binder Accessories,Office Supplies,0.38
412,Xerox 1995,Paper,Office Supplies,0.37
413,Artistic Insta-Plaque,Office Furnishings,Furniture,0.46
414,Newell 307,Pens & Art Supplies,Office Supplies,0.57
415,"Eureka Hand Vacuum, Bagless",Appliances,Office Supplies,0.57
416,V3682,Telephones and Communication,Technology,0.59
417,Canon S750 Color Inkjet Printer,Office Machines,Technology,0.38
418,"Acco Smartsocket™ Table Surge Protector, 6 Color-Coded Adapter Outlets",Appliances,Office Supplies,0.55
419,Assorted Color Push Pins,Rubber Bands,Office Supplies,0.52
420,"Imation 3.5 IBM Diskettes, 10/Box",Computer Peripherals,Technology,0.79
421,"GE 4 Foot Flourescent Tube, 40 Watt",Office Furnishings,Furniture,0.39
422,300 Series Non-Flip,Telephones and Communication,Technology,0.6
423,Decoflex Hanging Personal Folder File,Storage & Organization,Office Supplies,0.59
424,"""While you Were Out"" Message Book, One Form per Page",Paper,Office Supplies,0.35
425,"Tyvek ® Top-Opening Peel & Seel ® Envelopes, Gray",Envelopes,Office Supplies,0.4
426,Hewlett-Packard Deskjet 6122 Color Inkjet Printer,Office Machines,Technology,0.36
427,Accessory37,Telephones and Communication,Technology,0.81
428,Large Capacity Hanging Post Binders,Binders and Binder Accessories,Office Supplies,0.39
429,"Imation 3.5"" DS/HD IBM Formatted Diskettes, 50/Pack",Computer Peripherals,Technology,0.64
430,"Acco Pressboard Covers with Storage Hooks, 14 7/8"" x 11"", Light Blue",Binders and Binder Accessories,Office Supplies,0.36
431,Xerox 1916,Paper,Office Supplies,0.35
432,Deflect-o DuraMat Antistatic Studded Beveled Mat for Medium Pile Carpeting,Office Furnishings,Furniture,0.61
433,Hon Comfortask® Task/Swivel Chairs,Chairs & Chairmats,Furniture,0.69
434,Xerox 204,Paper,Office Supplies,0.37
435,"Black Print Carbonless Snap-Off® Rapid Letter, 8 1/2"" x 7""",Paper,Office Supplies,0.4
436,Staples Plastic Wall Frames,Office Furnishings,Furniture,0.41
437,Cardinal Holdit Business Card Pockets,Binders and Binder Accessories,Office Supplies,0.37
438,Fellowes PB500 Electric Punch Plastic Comb Binding Machine with Manual Bind,Binders and Binder Accessories,Office Supplies,0.35
439,Crate-A-Files™,Storage & Organization,Office Supplies,0.59
440,Staples SlimLine Pencil Sharpener,Pens & Art Supplies,Office Supplies,0.6
441,"DAX Two-Tone Rosewood/Black Document Frame, Desktop, 5 x 7",Office Furnishings,Furniture,0.45
442,Grip Seal Envelopes,Envelopes,Office Supplies,0.38
443,Staples Gold Paper Clips,Rubber Bands,Office Supplies,0.39
444,StarTAC 7797,Telephones and Communication,Technology,0.55
445,DAX Natural Wood-Tone Poster Frame,Office Furnishings,Furniture,0.49
446,Advantus Plastic Paper Clips,Rubber Bands,Office Supplies,0.37
447,Hewlett Packard 6S Scientific Calculator,Office Machines,Technology,0.39
448,Hon Valutask™ Swivel Chairs,Chairs & Chairmats,Furniture,0.69
449,"6"" Cubicle Wall Clock, Black",Office Furnishings,Furniture,0.49
450,GBC DocuBind TL300 Electric Binding System,Binders and Binder Accessories,Office Supplies,0.38
451,Belkin 105-Key Black Keyboard,Computer Peripherals,Technology,0.68
452,"Atlantic Metals Mobile 5-Shelf Bookcases, Custom Colors",Bookcases,Furniture,0.55
453,Avery Durable Binders,Binders and Binder Accessories,Office Supplies,0.36
454,Xerox 1964,Paper,Office Supplies,0.39
455,"Wirebound Message Books, 2 7/8"" x 5"", 3 Forms per Page",Paper,Office Supplies,0.38
456,Laminate Occasional Tables,Tables,Furniture,0.68
457,Staples® General Use 3-Ring Binders,Binders and Binder Accessories,Office Supplies,0.37
458,Zoom V.92 USB External Faxmodem,Computer Peripherals,Technology,0.41
459,"Super Bands, 12/Pack",Rubber Bands,Office Supplies,0.82
460,"Seth Thomas 8 1/2"" Cubicle Clock",Office Furnishings,Furniture,0.53
461,252,Telephones and Communication,Technology,0.55
462,Kleencut® Forged Office Shears by Acme United Corporation,"Scissors, Rulers and Trimmers",Office Supplies,0.55
463,Acme® Elite Stainless Steel Scissors,"Scissors, Rulers and Trimmers",Office Supplies,0.59
464,Hon iLevel™ Computer Training Table,Tables,Furniture,0.65
465,Recycled Premium Regency Composition Covers,Binders and Binder Accessories,Office Supplies,0.36
466,"Brites Rubber Bands, 1 1/2 oz. Box",Rubber Bands,Office Supplies,0.83
467,"80 Minute Slim Jewel Case CD-R , 10/Pack - Staples",Computer Peripherals,Technology,0.52
468,Acco Keyboard-In-A-Box®,Computer Peripherals,Technology,0.78
469,Hoover Commercial Soft Guard Upright Vacuum And Disposable Filtration Bags,Appliances,Office Supplies,0.58
470,Anderson Hickey Conga Table Tops & Accessories,Tables,Furniture,0.76
471,"Avery Hi-Liter GlideStik Fluorescent Highlighter, Yellow Ink",Pens & Art Supplies,Office Supplies,0.41
472,"GE 48"" Fluorescent Tube, Cool White Energy Saver, 34 Watts, 30/Box",Office Furnishings,Furniture,0.35
473,M70,Telephones and Communication,Technology,0.59
474,"Pressboard Data Binder, Crimson, 12"" X 8 1/2""",Binders and Binder Accessories,Office Supplies,0.39
475,8860,Telephones and Communication,Technology,0.56
476,Filing/Storage Totes and Swivel Casters,Storage & Organization,Office Supplies,0.6
477,"Howard Miller 16"" Diameter Gallery Wall Clock",Office Furnishings,Furniture,0.46
478,"Polycom Soundstation EX Audio-Conferencing Telephone, Black",Office Machines,Technology,0.36
479,"Tenex Personal Self-Stacking Standard File Box, Black/Gray",Storage & Organization,Office Supplies,0.58
480,Panasonic KX-P3200 Dot Matrix Printer,Office Machines,Technology,0.57
481,Eldon Image Series Black Desk Accessories,Office Furnishings,Furniture,0.49
482,Xerox 188,Paper,Office Supplies,0.36
483,Motorola SB4200 Cable Modem,Computer Peripherals,Technology,0.48
484,Accessory25,Telephones and Communication,Technology,0.57
485,Okidata ML395C Color Dot Matrix Printer,Office Machines,Technology,0.59
486,Southworth 25% Cotton Linen-Finish Paper & Envelopes,Paper,Office Supplies,0.4
487,DAX Wood Document Frame.,Office Furnishings,Furniture,0.54
488,Multimedia Mailers,Envelopes,Office Supplies,0.39
489,Accessory6,Telephones and Communication,Technology,0.8
490,Xerox 210,Paper,Office Supplies,0.37
491,"Adams Phone Message Book, 200 Message Capacity, 8 1/16” x 11”",Paper,Office Supplies,0.39
492,Xerox 212,Paper,Office Supplies,0.37
493,Smead Adjustable Mobile File Trolley with Lockable Top,Storage & Organization,Office Supplies,0.58
494,Computer Printout Paper with Letter-Trim Perforations,Paper,Office Supplies,0.37
495,Hewlett-Packard 2600DN Business Color Inkjet Printer,Office Machines,Technology,0.39
496,DAX Clear Channel Poster Frame,Office Furnishings,Furniture,0.48
497,SANFORD Liquid Accent™ Tank-Style Highlighters,Pens & Art Supplies,Office Supplies,0.54
498,SC7868i,Telephones and Communication,Technology,0.55
499,Tennsco Regal Shelving Units,Storage & Organization,Office Supplies,0.82
500,Belkin MediaBoard 104- Keyboard,Computer Peripherals,Technology,0.75
501,"Sharp EL501VB Scientific Calculator, Battery Operated, 10-Digit Display, Hard Case",Office Machines,Technology,0.39
502,2300 Heavy-Duty Transfer File Systems by Perma,Storage & Organization,Office Supplies,0.66
503,OIC Thumb-Tacks,Rubber Bands,Office Supplies,0.38
504,Lexmark Z55se Color Inkjet Printer,Office Machines,Technology,0.38
505,Round Specialty Laser Printer Labels,Labels,Office Supplies,0.38
506,Array® Memo Cubes,Paper,Office Supplies,0.36
507,Avery Hanging File Binders,Binders and Binder Accessories,Office Supplies,0.39
508,BoxOffice By Design Rectangular and Half-Moon Meeting Room Tables,Tables,Furniture,0.72
509,"Advantus 10-Drawer Portable Organizer, Chrome Metal Frame, Smoke Drawers",Storage & Organization,Office Supplies,0.57
510,Advantus Push Pins,Rubber Bands,Office Supplies,0.44
511,"Rush Hierlooms Collection 1"" Thick Stackable Bookcases",Bookcases,Furniture,0.66
512,Eldon ClusterMat Chair Mat with Cordless Antistatic Protection,Office Furnishings,Furniture,0.74
513,Hoover Replacement Belt for Commercial Guardsman Heavy-Duty Upright Vacuum,Appliances,Office Supplies,0.55
514,"Companion Letter/Legal File, Black",Storage & Organization,Office Supplies,0.57
515,Bretford CR8500 Series Meeting Room Furniture,Tables,Furniture,0.6
516,Fellowes Command Center 5-outlet power strip,Appliances,Office Supplies,0.58
517,"Verbatim DVD-RAM, 9.4GB, Rewritable, Type 1, DS, DataLife Plus",Computer Peripherals,Technology,0.55
518,"Linden® 12"" Wall Clock With Oak Frame",Office Furnishings,Furniture,0.55
519,Self-Adhesive Removable Labels,Labels,Office Supplies,0.37
520,Chromcraft Bull-Nose Wood Oval Conference Tables & Bases,Tables,Furniture,0.71
521,Vinyl Sectional Post Binders,Binders and Binder Accessories,Office Supplies,0.35
522,"Imation 3.5"" IBM-Formatted Diskettes, 10/Pack",Computer Peripherals,Technology,0.68
523,Avery 494,Labels,Office Supplies,0.39
524,Keytronic French Keyboard,Computer Peripherals,Technology,0.79
525,"Micro Innovations Micro Digital Wireless Keyboard and Mouse, Gray",Computer Peripherals,Technology,0.45
526,Xerox 1923,Paper,Office Supplies,0.37
527,Balt Split Level Computer Training Table,Tables,Furniture,0.74
528,"Seth Thomas 13 1/2"" Wall Clock",Office Furnishings,Furniture,0.54
529,"Global Leather & Oak Executive Chair, Burgundy",Chairs & Chairmats,Furniture,0.77
530,"GBC Laser Imprintable Binding System Covers, Desert Sand",Binders and Binder Accessories,Office Supplies,0.38
531,Rush Hierlooms Collection Rich Wood Bookcases,Bookcases,Furniture,0.72
532,HP Office Recycled Paper (20Lb. and 87 Bright),Paper,Office Supplies,0.36
533,5125,Telephones and Communication,Technology,0.59
534,Ibico Laser Imprintable Binding System Covers,Binders and Binder Accessories,Office Supplies,0.39
535,"Dixon Ticonderoga Core-Lock Colored Pencils, 48-Color Set",Pens & Art Supplies,Office Supplies,0.41
536,Eldon® Gobal File Keepers,Storage & Organization,Office Supplies,0.81
537,Staples Standard Envelopes,Envelopes,Office Supplies,0.38
538,Hayes Optima 56K V.90 Internal Voice Modem,Computer Peripherals,Technology,0.51
539,"Perma STOR-ALL™ Hanging File Box, 13 1/8""W x 12 1/4""D x 10 1/2""H",Storage & Organization,Office Supplies,0.68
540,Fluorescent Highlighters by Dixon,Pens & Art Supplies,Office Supplies,0.51
541,"IBM 80 Minute CD-R Spindle, 50/Pack",Computer Peripherals,Technology,0.48
542,Xerox 1947,Paper,Office Supplies,0.4
543,g520,Telephones and Communication,Technology,0.59
544,Maxell DVD-RAM Discs,Computer Peripherals,Technology,0.42
545,GBC DocuBind 200 Manual Binding Machine,Binders and Binder Accessories,Office Supplies,0.35
546,Fellowes Mighty 8 Compact Surge Protector,Appliances,Office Supplies,0.57
547,"Memorex Slim 80 Minute CD-R, 10/Pack",Computer Peripherals,Technology,0.43
548,Xerox 1996,Paper,Office Supplies,0.37
549,"Eldon® 200 Class™ Desk Accessories, Burgundy",Office Furnishings,Furniture,0.43
550,Xerox 1888,Paper,Office Supplies,0.37
551,"Eldon Expressions™ Desk Accessory, Wood Photo Frame, Mahogany",Office Furnishings,Furniture,0.56
552,Global Troy™ Executive Leather Low-Back Tilter,Chairs & Chairmats,Furniture,0.6
553,DAX Solid Wood Frames,Office Furnishings,Furniture,0.48
554,Newell 329,Pens & Art Supplies,Office Supplies,0.59
555,Stockwell Push Pins,Rubber Bands,Office Supplies,0.52
556,"Bevis Round Conference Table Top, X-Base",Tables,Furniture,0.76
557,Avery Reinforcements for Hole-Punch Pages,Binders and Binder Accessories,Office Supplies,0.4
558,Polycom ViewStation™ ISDN Videoconferencing Unit,Office Machines,Technology,0.39
559,"GBC Clear Cover, 8-1/2 x 11, unpunched, 25 covers per pack",Binders and Binder Accessories,Office Supplies,0.39
560,Acme® Preferred Stainless Steel Scissors,"Scissors, Rulers and Trimmers",Office Supplies,0.56
561,"TDK 4.7GB DVD-R Spindle, 15/Pack",Computer Peripherals,Technology,0.42
562,600 Series Non-Flip,Telephones and Communication,Technology,0.57
563,Panasonic KX-P2130 Dot Matrix Printer,Office Machines,Technology,0.59
564,Xerox 1882,Paper,Office Supplies,0.36
565,"Letter/Legal File Tote with Clear Snap-On Lid, Black Granite",Storage & Organization,Office Supplies,0.59
566,"Eaton Premium Continuous-Feed Paper, 25% Cotton, Letter Size, White, 1000 Shts/Box",Paper,Office Supplies,0.37
567,Acco® Hot Clips™ Clips to Go,Rubber Bands,Office Supplies,0.4
568,Belkin Premiere Surge Master II 8-outlet surge protector,Appliances,Office Supplies,0.56
569,Staples Colored Interoffice Envelopes,Envelopes,Office Supplies,0.36
570,Electrix Fluorescent Magnifier Lamps & Weighted Base,Office Furnishings,Furniture,0.57
571,636,Telephones and Communication,Technology,0.57
572,Fellowes Stor/Drawer® Steel Plus™ Storage Drawers,Storage & Organization,Office Supplies,0.79
573,Ibico Presentation Index for Binding Systems,Binders and Binder Accessories,Office Supplies,0.38
574,Xerox 207,Paper,Office Supplies,0.37
575,6185,Telephones and Communication,Technology,0.58
576,Accessory35,Telephones and Communication,Technology,0.55
577,Super Decoflex Portable Personal File,Storage & Organization,Office Supplies,0.57
578,Xerox 197,Paper,Office Supplies,0.4
579,StarTAC 8000,Telephones and Communication,Technology,0.6
580,3M Polarizing Light Filter Sleeves,Office Furnishings,Furniture,0.39
581,Space Solutions™ Industrial Galvanized Steel Shelving.,Storage & Organization,Office Supplies,0.83
582,"Chromcraft 48"" x 96"" Racetrack Double Pedestal Table",Tables,Furniture,0.66
583,Ibico EB-19 Dual Function Manual Binding System,Binders and Binder Accessories,Office Supplies,0.39
584,Global Leather Executive Chair,Chairs & Chairmats,Furniture,0.55
585,"AT&T Black Trimline Phone, Model 210",Office Machines,Technology,0.49
586,O'Sullivan Living Dimensions 2-Shelf Bookcases,Bookcases,Furniture,0.75
587,Binder Clips by OIC,Rubber Bands,Office Supplies,0.37
588,Fellowes Superior 10 Outlet Split Surge Protector,Appliances,Office Supplies,0.56
589,Hewlett Packard LaserJet 3310 Copier,Copiers and Fax,Technology,0.37
590,Unpadded Memo Slips,Paper,Office Supplies,0.35
591,Hon Non-Folding Utility Tables,Tables,Furniture,0.55
592,Newell 339,Pens & Art Supplies,Office Supplies,0.59
593,"Fellowes Strictly Business® Drawer File, Letter/Legal Size",Storage & Organization,Office Supplies,0.73
594,Gyration Ultra Cordless Optical Suite,Computer Peripherals,Technology,0.46
595,Electrix 20W Halogen Replacement Bulb for Zoom-In Desk Lamp,Office Furnishings,Furniture,0.37
596,Boston 1799 Powerhouse™ Electric Pencil Sharpener,Pens & Art Supplies,Office Supplies,0.57
597,"Tennsco Lockers, Gray",Storage & Organization,Office Supplies,0.78
598,Safco Industrial Wire Shelving,Storage & Organization,Office Supplies,
599,Xerox 23,Paper,Office Supplies,0.37
600,Global Enterprise Series Seating High-Back Swivel/Tilt Chairs,Chairs & Chairmats,Furniture,0.77
601,Bevis Round Conference Table Top & Single Column Base,Tables,Furniture,0.64
602,Wilson Jones DublLock® D-Ring Binders,Binders and Binder Accessories,Office Supplies,0.35
603,T65,Telephones and Communication,Technology,0.56
604,"Lesro Sheffield Collection Coffee Table, End Table, Center Table, Corner Table",Tables,Furniture,0.68
605,DAX Cubicle Frames - 8x10,Office Furnishings,Furniture,0.55
606,"Imation Primaris 3.5"" 2HD Unformatted Diskettes, 10/Pack",Computer Peripherals,Technology,0.72
607,"Tyvek ® Top-Opening Peel & Seel Envelopes, Plain White",Envelopes,Office Supplies,0.38
608,Peel-Off® China Markers,Pens & Art Supplies,Office Supplies,0.43
609,Xerox 1984,Paper,Office Supplies,0.36
610,Xerox 1951,Paper,Office Supplies,0.4
611,Xerox 1905,Paper,Office Supplies,0.37
612,Advantus Rolling Storage Box,Storage & Organization,Office Supplies,0.58
613,Accessory9,Telephones and Communication,Technology,0.39
614,Boston KS Multi-Size Manual Pencil Sharpener,Pens & Art Supplies,Office Supplies,0.57
615,"Dixon Ticonderoga® Erasable Colored Pencil Set, 12-Color",Pens & Art Supplies,Office Supplies,0.51
616,Deflect-O® Glasstique™ Clear Desk Accessories,Office Furnishings,Furniture,0.52
617,Acme Kleencut® Forged Steel Scissors,"Scissors, Rulers and Trimmers",Office Supplies,0.55
618,Eureka The Boss® Cordless Rechargeable Stick Vac,Appliances,Office Supplies,0.58
619,Security-Tint Envelopes,Envelopes,Office Supplies,0.36
620,6162,Telephones and Communication,Technology,0.59
621,Microsoft Natural Keyboard Elite,Computer Peripherals,Technology,0.7
622,"SAFCO Commercial Wire Shelving, Black",Storage & Organization,Office Supplies,
623,Kensington 6 Outlet MasterPiece® HOMEOFFICE Power Control Center,Appliances,Office Supplies,0.56
624,Xerox 1938,Paper,Office Supplies,0.37
625,GBC Plastic Binding Combs,Binders and Binder Accessories,Office Supplies,0.36
626,Avery 496,Labels,Office Supplies,0.37
627,Tripp Lite Isotel 6 Outlet Surge Protector with Fax/Modem Protection,Appliances,Office Supplies,0.56
628,"Imation Neon 80 Minute CD-R Spindle, 50/Pack",Computer Peripherals,Technology,0.45
629,"Eldon® Expressions™ Wood and Plastic Desk Accessories, Oak",Office Furnishings,Furniture,0.57
630,"Bush Cubix Collection Bookcases, Fully Assembled",Bookcases,Furniture,0.62
631,Acco Perma® 2700 Stacking Storage Drawers,Storage & Organization,Office Supplies,0.7
632,"Dixon My First Ticonderoga Pencil, #2",Pens & Art Supplies,Office Supplies,0.56
633,Prang Dustless Chalk Sticks,Pens & Art Supplies,Office Supplies,0.35
634,"Imation 3.5, DISKETTE 44766 HGHLD3.52HD/FM, 10/Pack",Computer Peripherals,Technology,0.79
635,Accessory32,Telephones and Communication,Technology,0.35
636,SouthWestern Bell FA970 Digital Answering Machine with Time/Day Stamp,Telephones and Communication,Technology,0.56
637,Avery 510,Labels,Office Supplies,0.37
638,Dana Swing-Arm Lamps,Office Furnishings,Furniture,0.6
639,KI Conference Tables,Tables,Furniture,0.72
640,Serrated Blade or Curved Handle Hand Letter Openers,"Scissors, Rulers and Trimmers",Office Supplies,0.84
641,"TOPS Money Receipt Book, Consecutively Numbered in Red,",Paper,Office Supplies,0.4
642,Xerox 1880,Paper,Office Supplies,0.38
643,Staples Metal Binder Clips,Rubber Bands,Office Supplies,0.39
644,Iris Project Case,Storage & Organization,Office Supplies,0.59
645,Boston 1645 Deluxe Heavier-Duty Electric Pencil Sharpener,Pens & Art Supplies,Office Supplies,0.58
646,Honeywell Enviracaire Portable HEPA Air Cleaner for 17' x 22' Room,Appliances,Office Supplies,0.52
647,US Robotics 56K V.92 Internal PCI Faxmodem,Computer Peripherals,Technology,0.45
648,Xerox 1941,Paper,Office Supplies,0.37
649,O'Sullivan Cherrywood Estates Traditional Barrister Bookcase,Bookcases,Furniture,0.78
650,Gyration Ultra Professional Cordless Optical Suite,Computer Peripherals,Technology,0.48
651,Xerox 1932,Paper,Office Supplies,0.38
652,4009® Highlighters by Sanford,Pens & Art Supplies,Office Supplies,0.52
653,"Quartet Alpha® White Chalk, 12/Pack",Pens & Art Supplies,Office Supplies,0.38
654,Kensington 6 Outlet SmartSocket Surge Protector,Appliances,Office Supplies,0.6
655,Bevis Boat-Shaped Conference Table,Tables,Furniture,0.75
656,"File Shuttle II and Handi-File, Black",Storage & Organization,Office Supplies,0.6
657,Hon 2090 “Pillow Soft” Series Mid Back Swivel/Tilt Chairs,Chairs & Chairmats,Furniture,0.78
658,"Imation 3.5"" DS-HD Macintosh Formatted Diskettes, 10/Pack",Computer Peripherals,Technology,0.68
659,"Wilson Jones Elliptical Ring 3 1/2"" Capacity Binders, 800 sheets",Binders and Binder Accessories,Office Supplies,0.36
660,Rogers® Profile Extra Capacity Storage Tub,Storage & Organization,Office Supplies,0.81
661,G.E. Longer-Life Indoor Recessed Floodlight Bulbs,Office Furnishings,Furniture,0.37
662,"Wirebound Four 2-3/4 x 5 Forms per Page, 400 Sets per Book",Paper,Office Supplies,0.36
663,Xerox 231,Paper,Office Supplies,0.37
664,Avery 506,Labels,Office Supplies,0.39
665,Universal Premium White Copier/Laser Paper (20Lb. and 87 Bright),Paper,Office Supplies,0.36
666,"Premium Writing Pencils, Soft, #2 by Central Association for the Blind",Pens & Art Supplies,Office Supplies,0.57
667,"Eldon Expressions Punched Metal & Wood Desk Accessories, Black & Cherry",Office Furnishings,Furniture,0.57
668,Avery 501,Labels,Office Supplies,0.38
669,"REDIFORM Incoming/Outgoing Call Register, 11"" X 8 1/2"", 100 Messages",Paper,Office Supplies,0.35
670,Acme® Office Executive Series Stainless Steel Trimmers,"Scissors, Rulers and Trimmers",Office Supplies,0.59
671,PC Concepts 116 Key Quantum 3000 Keyboard,Computer Peripherals,Technology,0.75
672,Wausau Papers Astrobrights® Colored Envelopes,Envelopes,Office Supplies,0.36
673,Newell 335,Pens & Art Supplies,Office Supplies,0.56
674,Eldon Cleatmat Plus™ Chair Mats for High Pile Carpets,Office Furnishings,Furniture,0.74
675,StarTAC Analog,Telephones and Communication,Technology,0.6
676,"Fellowes Mobile Numeric Keypad, Graphite",Computer Peripherals,Technology,0.66
677,"Global Push Button Manager's Chair, Indigo",Chairs & Chairmats,Furniture,0.56
678,BPI Conference Tables,Tables,Furniture,0.71
679,Avery 514,Labels,Office Supplies,0.36
680,"Maxell Pro 80 Minute CD-R, 10/Pack",Computer Peripherals,Technology,0.45
681,Staples Brown Kraft Recycled Clasp Envelopes,Envelopes,Office Supplies,0.35
682,Eldon Executive Woodline II Cherry Finish Desk Accessories,Office Furnishings,Furniture,0.57
683,Xerox 1922,Paper,Office Supplies,0.36
684,Logitech Access Keyboard,Computer Peripherals,Technology,0.37
685,Xerox 1929,Paper,Office Supplies,0.39
686,Lexmark 4227 Plus Dot Matrix Printer,Office Machines,Technology,0.55
687,Catalog Binders with Expanding Posts,Binders and Binder Accessories,Office Supplies,0.4
688,"Decoflex Hanging Personal Folder File, Blue",Storage & Organization,Office Supplies,0.58
689,Fellowes Super Stor/Drawer®,Storage & Organization,Office Supplies,0.67
690,Novimex Swivel Fabric Task Chair,Chairs & Chairmats,Furniture,0.74
691,Eldon Portable Mobile Manager,Storage & Organization,Office Supplies,0.58
692,Accessory27,Telephones and Communication,Technology,0.85
693,VTech VT20-2481 2.4GHz Two-Line Phone System w/Answering Machine,Telephones and Communication,Technology,0.57
694,Eldon Expressions Mahogany Wood Desk Collection,Office Furnishings,Furniture,0.6
695,Xerox 1954,Paper,Office Supplies,0.4
696,KF 788,Telephones and Communication,Technology,0.56
697,Heavy-Duty E-Z-D® Binders,Binders and Binder Accessories,Office Supplies,0.38
698,Jet-Pak Recycled Peel 'N' Seal Padded Mailers,Envelopes,Office Supplies,0.4
699,Personal Creations™ Ink Jet Cards and Labels,Paper,Office Supplies,0.36
700,Targus USB Numeric Keypad,Computer Peripherals,Technology,0.74
701,Fellowes PB300 Plastic Comb Binding Machine,Binders and Binder Accessories,Office Supplies,0.38
702,Colored Envelopes,Envelopes,Office Supplies,0.39
703,"Imation 3.5"" DS/HD IBM Formatted Diskettes, 10/Pack",Computer Peripherals,Technology,0.75
704,LX 677,Telephones and Communication,Technology,0.57
705,"Advantus Push Pins, Aluminum Head",Rubber Bands,Office Supplies,0.54
706,X-Rack™ File for Hanging Folders,Storage & Organization,Office Supplies,0.59
707,Peel & Stick Add-On Corner Pockets,Binders and Binder Accessories,Office Supplies,0.37
708,Xerox 21,Paper,Office Supplies,0.37
709,Avery 487,Labels,Office Supplies,0.38
710,"Quartet Omega® Colored Chalk, 12/Pack",Pens & Art Supplies,Office Supplies,0.38
711,Microsoft Natural Multimedia Keyboard,Computer Peripherals,Technology,0.73
712,GBC DocuBind 300 Electric Binding Machine,Binders and Binder Accessories,Office Supplies,0.37
713,Portfile® Personal File Boxes,Storage & Organization,Office Supplies,0.59
714,Staples Surge Protector 6 outlet,Appliances,Office Supplies,0.58
715,Avery 482,Labels,Office Supplies,0.38
716,Hon GuestStacker Chair,Chairs & Chairmats,Furniture,0.59
717,"Fellowes Basic 104-Key Keyboard, Platinum",Computer Peripherals,Technology,0.65
718,"Trav-L-File Heavy-Duty Shuttle II, Black",Storage & Organization,Office Supplies,0.55
719,"BOSTON® Ranger® #55 Pencil Sharpener, Black",Pens & Art Supplies,Office Supplies,0.56
720,Hewlett-Packard Deskjet 3820 Color Inkjet Printer,Office Machines,Technology,0.37
721,Avery 485,Labels,Office Supplies,0.38
722,i270,Telephones and Communication,Technology,0.55
723,Imation DVD-RAM discs,Computer Peripherals,Technology,0.43
724,Letter Size Cart,Storage & Organization,Office Supplies,0.56
725,GBC DocuBind TL200 Manual Binding Machine,Binders and Binder Accessories,Office Supplies,0.38
726,Global Commerce™ Series High-Back Swivel/Tilt Chairs,Chairs & Chairmats,Furniture,0.6
727,"Fellowes Personal Hanging Folder Files, Navy",Storage & Organization,Office Supplies,0.57
728,"Hunt BOSTON® Vista® Battery-Operated Pencil Sharpener, Black",Pens & Art Supplies,Office Supplies,0.58
729,TI 36X Solar Scientific Calculator,Office Machines,Technology,0.38
730,Eldon Simplefile® Box Office®,Storage & Organization,Office Supplies,0.57
731,Newell 308,Pens & Art Supplies,Office Supplies,0.6
732,Accessory17,Telephones and Communication,Technology,0.82
733,8890,Telephones and Communication,Technology,0.58
734,12-1/2 Diameter Round Wall Clock,Office Furnishings,Furniture,0.49
735,Regeneration Desk Collection,Office Furnishings,Furniture,0.41
736,TimeportP7382,Telephones and Communication,Technology,0.56
737,Newell 340,Pens & Art Supplies,Office Supplies,0.56
738,Xerox 1991,Paper,Office Supplies,0.39
739,T60,Telephones and Communication,Technology,0.56
740,TI 30X Scientific Calculator,Office Machines,Technology,0.36
741,"Executive Impressions 13-1/2"" Indoor/Outdoor Wall Clock",Office Furnishings,Furniture,0.47
742,"Executive Impressions 14"" Contract Wall Clock",Office Furnishings,Furniture,0.52
743,"Avery® 3 1/2"" Diskette Storage Pages, 10/Pack",Binders and Binder Accessories,Office Supplies,0.39
744,"Bevis Round Bullnose 29"" High Table Top",Tables,Furniture,0.65
745,Ibico EPK-21 Electric Binding System,Binders and Binder Accessories,Office Supplies,0.36
746,"Career Cubicle Clock, 8 1/4"", Black",Office Furnishings,Furniture,0.47
747,Hammermill Color Copier Paper (28Lb. and 96 Bright),Paper,Office Supplies,0.4
748,5170i,Telephones and Communication,Technology,0.57
749,Revere Boxed Rubber Bands by Revere,Rubber Bands,Office Supplies,0.83
750,Newell 326,Pens & Art Supplies,Office Supplies,0.56
751,Lumber Crayons,Pens & Art Supplies,Office Supplies,0.47
752,"Iris® 3-Drawer Stacking Bin, Black",Storage & Organization,Office Supplies,0.83
753,Storex DuraTech Recycled Plastic Frosted Binders,Binders and Binder Accessories,Office Supplies,0.35
754,Ultra Commercial Grade Dual Valve Door Closer,Office Furnishings,Furniture,0.53
755,Acco 6 Outlet Guardian Premium Surge Suppressor,Appliances,Office Supplies,0.58
756,Sanford Liquid Accent Highlighters,Pens & Art Supplies,Office Supplies,0.48
757,*Staples* Packaging Labels,Labels,Office Supplies,0.38
758,Bevis Steel Folding Chairs,Chairs & Chairmats,Furniture,0.57
759,Xerox 1917,Paper,Office Supplies,0.38
760,Novimex Turbo Task Chair,Chairs & Chairmats,Furniture,0.73
761,HP Office Paper (20Lb. and 87 Bright),Paper,Office Supplies,0.37
762,Hewlett-Packard Deskjet 1220Cse Color Inkjet Printer,Office Machines,Technology,0.36
763,Accessory15,Telephones and Communication,Technology,0.83
764,"Bevis Round Bullnose 29"" High Table Top",Tables,Furniture,0.61
765,Hunt Boston® Vacuum Mount KS Pencil Sharpener,Pens & Art Supplies,Office Supplies,0.59
766,Desktop 3-Pocket Hot File®,Storage & Organization,Office Supplies,0.59
767,"Global Leather Highback Executive Chair with Pneumatic Height Adjustment, Black",Chairs & Chairmats,Furniture,0.58
768,"Post-it® “Important Message” Note Pad, Neon Colors, 50 Sheets/Pad",Paper,Office Supplies,0.37
769,Xerox 216,Paper,Office Supplies,0.37
770,Eldon Antistatic Chair Mats for Low to Medium Pile Carpets,Office Furnishings,Furniture,0.79
771,Fellowes Binding Cases,Binders and Binder Accessories,Office Supplies,0.4
772,StarTAC 7760,Telephones and Communication,Technology,0.59
773,"Sanford EarthWrite® Recycled Pencils, Medium Soft, #2",Pens & Art Supplies,Office Supplies,0.57
774,Canon PC1080F Personal Copier,Copiers and Fax,Technology,0.5
775,Holmes Harmony HEPA Air Purifier for 17 x 20 Room,Appliances,Office Supplies,0.42
776,XtraLife® ClearVue™ Slant-D® Ring Binders by Cardinal,Binders and Binder Accessories,Office Supplies,0.35
777,"Binney & Smith inkTank™ Erasable Pocket Highlighter, Chisel Tip, Yellow",Pens & Art Supplies,Office Supplies,0.41
778,"Deflect-o RollaMat Studded, Beveled Mat for Medium Pile Carpeting",Office Furnishings,Furniture,0.67
779,Hon Rectangular Conference Tables,Tables,Furniture,0.68
780,GBC Standard Plastic Binding Systems' Combs,Binders and Binder Accessories,Office Supplies,0.4
781,Wilson Jones Impact Binders,Binders and Binder Accessories,Office Supplies,0.36
782,Fellowes Recycled Storage Drawers,Storage & Organization,Office Supplies,0.78
783,"3M Polarizing Task Lamp with Clamp Arm, Light Gray",Office Furnishings,Furniture,0.59
784,"Boston Model 1800 Electric Pencil Sharpener, Gray",Pens & Art Supplies,Office Supplies,0.55
785,Boston 1730 StandUp Electric Pencil Sharpener,Pens & Art Supplies,Office Supplies,0.59
786,AT&T 2230 Dual Handset Phone With Caller ID/Call Waiting,Office Machines,Technology,0.52
787,Balt Solid Wood Rectangular Table,Tables,Furniture,0.75
788,Bush Advantage Collection® Round Conference Table,Tables,Furniture,0.64
789,Sanford 52201 APSCO Electric Pencil Sharpener,Pens & Art Supplies,Office Supplies,0.59
790,Prang Colored Pencils,Pens & Art Supplies,Office Supplies,0.4
791,Economy Rollaway Files,Storage & Organization,Office Supplies,0.59
792,"Deflect-o EconoMat Studded, No Bevel Mat for Low Pile Carpeting",Office Furnishings,Furniture,0.76
793,"#10- 4 1/8"" x 9 1/2"" Recycled Envelopes",Envelopes,Office Supplies,0.38
794,"DAX Value U-Channel Document Frames, Easel Back",Office Furnishings,Furniture,0.54
795,6120,Telephones and Communication,Technology,0.58
796,"Telephone Message Books with Fax/Mobile Section, 4 1/4"" x 6""",Paper,Office Supplies,0.39
797,"Tenex Personal Project File with Scoop Front Design, Black",Storage & Organization,Office Supplies,0.59
798,Talkabout T8097,Telephones and Communication,Technology,0.58
799,Surelock™ Post Binders,Binders and Binder Accessories,Office Supplies,0.35
800,Panasonic KP-310 Heavy-Duty Electric Pencil Sharpener,Pens & Art Supplies,Office Supplies,0.55
801,Xerox 1892,Paper,Office Supplies,0.36
802,"Chromcraft Bull-Nose Wood Round Conference Table Top, Wood Base",Tables,Furniture,0.68
803,"Memorex 80 Minute CD-R Spindle, 100/Pack",Computer Peripherals,Technology,0.44
804,Avery Heavy-Duty EZD ™ Binder With Locking Rings,Binders and Binder Accessories,Office Supplies,0.37
805,"Wirebound Service Call Books, 5 1/2"" x 4""",Paper,Office Supplies,0.37
806,"Iceberg OfficeWorks 42"" Round Tables",Tables,Furniture,0.7
807,Zoom V.92 V.44 PCI Internal Controllerless FaxModem,Computer Peripherals,Technology,0.55
808,GBC Recycled Grain Textured Covers,Binders and Binder Accessories,Office Supplies,0.37
809,Panasonic KP-350BK Electric Pencil Sharpener with Auto Stop,Pens & Art Supplies,Office Supplies,0.56
810,GBC ProClick™ 150 Presentation Binding System,Binders and Binder Accessories,Office Supplies,0.38
811,"Fellowes Smart Surge Ten-Outlet Protector, Platinum",Appliances,Office Supplies,0.57
812,Fellowes Neat Ideas® Storage Cubes,Storage & Organization,Office Supplies,0.81
813,Southworth Structures Collection™,Paper,Office Supplies,0.35
814,Micro Innovations 104 Keyboard,Computer Peripherals,Technology,0.64
815,O'Sullivan 3-Shelf Heavy-Duty Bookcases,Bookcases,Furniture,0.61
816,Park Ridge™ Embossed Executive Business Envelopes,Envelopes,Office Supplies,0.38
817,Deflect-o Glass Clear Studded Chair Mats,Office Furnishings,Furniture,0.63
818,Xerox 1961,Paper,Office Supplies,0.38
819,Novimex Fabric Task Chair,Chairs & Chairmats,Furniture,0.7
820,"1.7 Cubic Foot Compact ""Cube"" Office Refrigerators",Appliances,Office Supplies,0.58
821,Newell 336,Pens & Art Supplies,Office Supplies,0.56
822,"Verbatim DVD-R, 3.95GB, SR, Mitsubishi Branded, Jewel",Computer Peripherals,Technology,0.43
823,Wilson Jones Suede Grain Vinyl Binders,Binders and Binder Accessories,Office Supplies,0.36
824,Fellowes Officeware™ Wire Shelving,Storage & Organization,Office Supplies,0.83
825,Xerox 19,Paper,Office Supplies,0.4
826,Newell 342,Pens & Art Supplies,Office Supplies,0.56
827,EcoTones® Memo Sheets,Paper,Office Supplies,0.37
828,GBC VeloBinder Strips,Binders and Binder Accessories,Office Supplies,0.35
829,Xerox 1936,Paper,Office Supplies,0.38
830,SAFCO Arco Folding Chair,Chairs & Chairmats,Furniture,
831,StarTAC 3000,Telephones and Communication,Technology,0.59
832,6160,Telephones and Communication,Technology,0.57
833,Okidata Pacemark 4410N Wide Format Dot Matrix Printer,Office Machines,Technology,0.57
834,Prismacolor Color Pencil Set,Pens & Art Supplies,Office Supplies,0.44
835,"Dixon Prang® Watercolor Pencils, 10-Color Set with Brush",Pens & Art Supplies,Office Supplies,0.44
836,Fuji Slim Jewel Case CD-R,Computer Peripherals,Technology,0.55
837,Belkin 6 Outlet Metallic Surge Strip,Appliances,Office Supplies,0.59
838,Xerox 1952,Paper,Office Supplies,0.38
839,Wilson Jones® Four-Pocket Poly Binders,Binders and Binder Accessories,Office Supplies,0.36
840,Xerox Blank Computer Paper,Paper,Office Supplies,0.38
841,Storex Dura Pro™ Binders,Binders and Binder Accessories,Office Supplies,0.38
842,270c,Telephones and Communication,Technology,0.59
843,Global Adaptabilities™ Conference Tables,Tables,Furniture,0.66
844,Tenex Antistatic Computer Chair Mats,Office Furnishings,Furniture,0.75
845,Xerox 1898,Paper,Office Supplies,0.37
846,"210 Trimline Phone, White",Office Machines,Technology,0.38
847,"Seth Thomas 14"" Putty-Colored Wall Clock",Office Furnishings,Furniture,0.54
848,Avery 49,Labels,Office Supplies,0.36
849,"Imation 3.5 IBM Formatted Diskettes, 10/Box",Computer Peripherals,Technology,0.74
850,"Bevis Round Conference Table Top, X-Base",Tables,Furniture,0.74
851,"Acco PRESSTEX® Data Binder with Storage Hooks, Dark Blue, 14 7/8"" X 11""",Binders and Binder Accessories,Office Supplies,0.36
852,"1/4 Fold Party Design Invitations & White Envelopes, 24 8-1/2"" X 11"" Cards, 25 Env./Pack",Paper,Office Supplies,0.38
853,KH 688,Telephones and Communication,Technology,0.57
854,Chromcraft Rectangular Conference Tables,Tables,Furniture,0.61
855,"Hoover Replacement Belts For Soft Guard™ & Commercial Ltweight Upright Vacs, 2/Pk",Appliances,Office Supplies,0.59
856,Ibico Ibimaster 300 Manual Binding System,Binders and Binder Accessories,Office Supplies,0.4
857,Xerox 200,Paper,Office Supplies,0.37
858,DMI Eclipse Executive Suite Bookcases,Bookcases,Furniture,0.66
859,"Bush Heritage Pine Collection 5-Shelf Bookcase, Albany Pine Finish, *Special Order",Bookcases,Furniture,0.65
860,"Bush® Cubix Conference Tables, Fully Assembled",Tables,Furniture,0.6
861,"Staples Pen Style Liquid Stix; Assorted (yellow, pink, green, blue, orange), 5/Pack",Pens & Art Supplies,Office Supplies,0.4
862,"Staples Vinyl Coated Paper Clips, 800/Box",Rubber Bands,Office Supplies,0.4
863,Hewlett-Packard 4.7GB DVD+R Discs,Computer Peripherals,Technology,0.49
864,Belkin 8 Outlet SurgeMaster II Gold Surge Protector,Appliances,Office Supplies,0.57
865,"Verbatim DVD-R, 4.7GB, Spindle, WE, Blank, Ink Jet/Thermal, 20/Spindle",Computer Peripherals,Technology,0.49
866,Brother DCP1000 Digital 3 in 1 Multifunction Machine,Copiers and Fax,Technology,0.5
867,Home/Office Personal File Carts,Storage & Organization,Office Supplies,0.6
868,Dixon Ticonderoga Core-Lock Colored Pencils,Pens & Art Supplies,Office Supplies,0.52
869,Space Solutions Commercial Steel Shelving,Storage & Organization,Office Supplies,0.8
870,Boston 16765 Mini Stand Up Battery Pencil Sharpener,Pens & Art Supplies,Office Supplies,0.59
871,Zebra Zazzle Fluorescent Highlighters,Pens & Art Supplies,Office Supplies,0.51
872,"Dana Fluorescent Magnifying Lamp, White, 36""",Office Furnishings,Furniture,0.55
873,"Holmes Cool Mist Humidifier for the Whole House with 8-Gallon Output per Day, Extended Life Filter",Appliances,Office Supplies,0.4
874,Bagged Rubber Bands,Rubber Bands,Office Supplies,0.81
875,"Eureka Sanitaire ® Multi-Pro Heavy-Duty Upright, Disposable Bags",Appliances,Office Supplies,0.59
876,CF 688,Telephones and Communication,Technology,0.58
877,Steel Personal Filing/Posting Tote,Storage & Organization,Office Supplies,0.58
878,"Fellowes Twister Kit, Gray/Clear, 3/pkg",Binders and Binder Accessories,Office Supplies,0.4
879,"Adams Telephone Message Books, 5 1/4” x 11”",Paper,Office Supplies,0.38
880,"Fellowes Smart Design 104-Key Enhanced Keyboard, PS/2 Adapter, Platinum",Computer Peripherals,Technology,0.74
881,Wilson Jones Custom Binder Spines & Labels,Binders and Binder Accessories,Office Supplies,0.36
882,Xerox 1883,Paper,Office Supplies,0.39
883,Southworth 25% Cotton Premium Laser Paper and Envelopes,Paper,Office Supplies,0.37
884,"Angle-D Binders with Locking Rings, Label Holders",Binders and Binder Accessories,Office Supplies,0.38
885,Hewlett-Packard Deskjet 5550 Color Inkjet Printer,Office Machines,Technology,0.4
886,Letter Slitter,"Scissors, Rulers and Trimmers",Office Supplies,0.82
887,3390,Telephones and Communication,Technology,0.57
888,Avery 507,Labels,Office Supplies,0.39
889,Acco Smartsocket® Color-Coded Six-Outlet AC Adapter Model Surge Protectors,Appliances,Office Supplies,0.59
890,Eldon Pizzaz™ Desk Accessories,Office Furnishings,Furniture,0.41
891,"Wirebound Message Forms, Four 2 3/4 x 5 Forms per Page, Pink Paper",Paper,Office Supplies,0.38
892,"Lifetime Advantage™ Folding Chairs, 4/Carton",Chairs & Chairmats,Furniture,0.57
893,600 Series Flip,Telephones and Communication,Technology,0.57
894,"Master Caster Door Stop, Brown",Office Furnishings,Furniture,0.51
895,Belkin ErgoBoard™ Keyboard,Computer Peripherals,Technology,0.64
896,36X48 HARDFLOOR CHAIRMAT,Office Furnishings,Furniture,0.78
897,Sanford Pocket Accent® Highlighters,Pens & Art Supplies,Office Supplies,0.42
898,Xerox 1950,Paper,Office Supplies,0.36
899,Bretford CR8500 Series Meeting Room Furniture,Tables,Furniture,0.71
900,"Multi-Use Personal File Cart and Caster Set, Three Stacking Bins",Storage & Organization,Office Supplies,0.57
901,"Acco PRESSTEX® Data Binder with Storage Hooks, Dark Blue, 9 1/2"" X 11""",Binders and Binder Accessories,Office Supplies,0.36
902,Office Star Flex Back Scooter Chair with Aluminum Finish Frame,Chairs & Chairmats,Furniture,0.61
903,Bevis Round Conference Table Top & Single Column Base,Tables,Furniture,0.65
904,Eldon Shelf Savers™ Cubes and Bins,Storage & Organization,Office Supplies,0.83
905,TDK 4.7GB DVD-R,Computer Peripherals,Technology,0.41
906,"DAX Copper Panel Document Frame, 5 x 7 Size",Office Furnishings,Furniture,0.43
907,"Avery Trapezoid Extra Heavy Duty 4"" Binders",Binders and Binder Accessories,Office Supplies,0.35
908,Eldon Radial Chair Mat for Low to Medium Pile Carpets,Office Furnishings,Furniture,0.65
909,Model L Table or Wall-Mount Pencil Sharpener,Pens & Art Supplies,Office Supplies,0.57
910,"Hon Metal Bookcases, Black",Bookcases,Furniture,0.6
911,"Hewlett-Packard Business Color Inkjet 3000 [N, DTN] Series Printers",Office Machines,Technology,0.4
912,Xerox 217,Paper,Office Supplies,0.37
913,Bionaire 99.97% HEPA Air Cleaner,Appliances,Office Supplies,0.5
914,"Hewlett-Packard cp1700 [D, PS] Series Color Inkjet Printers",Office Machines,Technology,0.38
915,Xerox 1930,Paper,Office Supplies,0.36
916,Sharp AL-1530CS Digital Copier,Copiers and Fax,Technology,0.36
917,Hon 4070 Series Pagoda™ Round Back Stacking Chairs,Chairs & Chairmats,Furniture,0.57
918,Bevis Rectangular Conference Tables,Tables,Furniture,0.69
919,"Fiskars 8"" Scissors, 2/Pack","Scissors, Rulers and Trimmers",Office Supplies,0.56
920,"Fellowes Smart Design 104-Key Enhanced Keyboard, PS/2 Adapter, Platinum",Computer Peripherals,Technology,0.68
921,Canon PC940 Copier,Copiers and Fax,Technology,0.52
922,DIXON Ticonderoga® Erasable Checking Pencils,Pens & Art Supplies,Office Supplies,0.46
923,i1000plus,Telephones and Communication,Technology,0.57
924,2190,Telephones and Communication,Technology,0.56
925,"Tenex 46"" x 60"" Computer Anti-Static Chairmat, Rectangular Shaped",Office Furnishings,Furniture,0.65
